employee_id,first_name,last_name,date_of_birth,salary,department,employee_status,hire_date,bank_account_number,tax_rate
1,Dianna,Lawton,8/3/1985,33917.98,IT,Contractor,4/27/2016,2978344545,0.33
2,Georges,Kyteley,9/23/1977,43783.17,IT,Part-time,3/19/2017,3779952976,0.32
3,Margaux,Hagan,12/23/1961,96574.01,IT,Contractor,4/25/2016,5423975894,0.39
4,Gisella,Gregolotti,4/3/1975,91641.29,Operations,Full-time,6/27/2016,3137135826,0.36
5,Heddie,Boshell,11/10/1977,38893.87,Operations,Full-time,10/17/2018,7935838609,0.28
6,Friederike,Coleford,3/13/1981,75403.15,HR,Part-time,6/11/2012,9229818650,0.29
7,Vyky,Hryskiewicz,12/25/1981,56217.49,IT,Contractor,10/29/2011,4212638334,0.13
8,Mateo,Davet,4/16/1976,86770.82,Operations,Part-time,3/7/2015,3877761593,0.31
9,Maureen,Sleany,9/29/1989,81140.23,HR,Full-time,12/29/2021,3641969635,0.27
10,Charisse,Flageul,7/10/1989,43285.94,HR,Part-time,9/16/2020,6516183177,0.22
11,Carny,Gipson,11/12/1972,41522.05,IT,Contractor,7/31/2019,6813934935,0.45
12,Ofilia,Whordley,10/22/1973,79115.43,Finance,Part-time,11/10/2014,9209143043,0.3
13,Gwenora,Bayldon,10/21/1971,37686.6,Finance,Full-time,5/23/2017,9872624401,0.36
14,Avis,Carnalan,2/23/1982,94023.43,IT,Part-time,12/5/2015,7113908398,0.17
15,Arin,Borghese,12/31/1991,74011.77,Operations,Part-time,1/19/2018,1235072856,0.47
16,Brigg,Livett,8/28/1981,32073.48,Operations,Contractor,2/21/2010,5781082181,0.25
17,Kevyn,Bridgeland,9/1/1984,55398.75,IT,Contractor,9/27/2014,5129984393,0.44
18,Druci,Baldetti,12/26/1999,81618.62,IT,Full-time,1/10/2016,7232784883,0.39
19,Emlynn,Halsey,6/21/1993,85213.25,HR,Full-time,5/24/2010,4292519215,0.44
20,Charlotta,Fretwell,4/19/1990,28480.46,HR,Full-time,11/5/2018,6067421769,0.49
21,Niall,Crackett,5/30/1966,63440.43,Operations,Part-time,2/22/2013,2367466307,0.18
22,Kane,Theobalds,10/13/1999,25151.54,HR,Full-time,8/4/2015,1348750826,0.37
23,Dur,Duffie,7/22/1993,38004.95,Operations,Full-time,6/24/2020,1392412543,0.16
24,Elly,Claringbold,7/28/1961,52767.01,HR,Contractor,2/24/2017,9843619242,0.39
25,Clyde,Issacov,8/1/1997,43617.34,IT,Part-time,8/2/2017,3599099043,0.43
26,Phelia,Coutthart,7/31/1968,85351.23,HR,Contractor,8/7/2011,4478167370,0.49
27,Alice,Coulson,4/20/1983,60757.43,Operations,Part-time,12/30/2017,5207962038,0.31
28,Waylen,Koopman,4/7/1980,78453.97,Finance,Full-time,12/21/2018,2872425867,0.43
29,Mar,Haydney,2/14/1973,41348.14,Operations,Contractor,2/24/2018,1422253761,0.26
30,Audrye,Knipe,3/6/1961,76817.57,Finance,Part-time,2/1/2013,2804977101,0.31
31,Loria,Plaistowe,4/19/1970,80275.51,Finance,Contractor,7/30/2010,2903444376,0.37
32,Tremaine,Royds,4/3/1976,20613.73,Operations,Part-time,5/21/2021,4251492142,0.15
33,Marika,Wretham,10/11/1981,91739.46,HR,Contractor,2/18/2019,9954924345,0.17
34,Othello,Mountlow,1/30/1991,82805.31,Operations,Contractor,2/10/2020,5081283782,0.16
35,Weider,Antonikov,4/27/1965,22477.63,Operations,Contractor,6/3/2010,4577585811,0.15
36,Karen,Motion,5/28/1986,65765.2,IT,Contractor,11/24/2014,9858527083,0.21
37,Elke,Male,5/6/1996,78969.85,IT,Part-time,6/19/2013,8847439157,0.26
38,Karee,Christie,5/15/1985,85321.25,HR,Full-time,7/23/2017,7449780842,0.33
39,Sebastiano,Broxton,7/8/1992,39989.0,Operations,Part-time,8/14/2011,7531756125,0.13
40,Selma,Frankowski,8/25/1964,99924.29,Operations,Part-time,12/14/2016,1294683470,0.35
41,Estelle,Oylett,5/30/1994,93085.91,HR,Part-time,3/13/2011,6222664006,0.21
42,Celine,Deinhardt,5/4/1989,93210.86,IT,Part-time,5/27/2010,9916513279,0.38
43,Elmer,Gunderson,10/3/1987,58885.97,HR,Full-time,9/23/2016,6237632560,0.41
44,Rosana,Pettinger,7/27/1997,59488.12,IT,Full-time,1/26/2013,7378377827,0.42
45,Sheryl,Rikard,4/10/1970,43545.76,HR,Full-time,2/27/2017,9792702672,0.12
46,Vivyan,Fosher,8/27/1980,31764.72,IT,Contractor,5/17/2011,7284133839,0.13
47,Max,Dix,11/2/1979,36299.69,Finance,Contractor,5/7/2019,5093565474,0.33
48,Halimeda,Pizer,5/5/1994,20065.96,IT,Part-time,4/5/2011,2838573892,0.3
49,Alfred,Ilieve,3/26/1981,82388.3,IT,Contractor,9/10/2017,2766090279,0.25
50,Alexis,Girdlestone,3/14/1995,51674.96,Operations,Contractor,5/5/2018,6329275500,0.27
51,Richie,Dallinder,7/17/1998,65736.85,Finance,Contractor,11/2/2019,3671874062,0.48
52,Brandais,Gammade,9/5/1968,97828.45,Operations,Full-time,11/28/2014,6305055836,0.26
53,Alvinia,Koppens,2/24/1970,30995.15,IT,Contractor,2/3/2017,5767051649,0.4
54,Noah,Isakson,8/10/1983,62225.87,IT,Contractor,11/6/2013,2738154032,0.19
55,Orsola,Cass,8/5/1962,77339.71,HR,Full-time,5/30/2017,2241027593,0.33
56,Yvor,Smooth,8/9/1990,83185.78,HR,Full-time,7/16/2012,6630679726,0.24
57,Sigrid,Arnaudi,9/13/1977,30122.62,IT,Part-time,12/13/2016,9362832522,0.41
58,Sonia,Hodjetts,5/10/1980,93644.28,Finance,Contractor,11/1/2018,3628134569,0.2
59,Rasla,Spratt,11/24/1996,55926.49,IT,Full-time,3/18/2013,4247415288,0.11
60,Maible,Grouvel,12/13/1966,24246.37,Operations,Part-time,9/15/2019,1116290068,0.34
61,Verina,Mulliner,4/25/1978,70679.53,IT,Contractor,6/8/2017,9505056981,0.17
62,Adrian,Low,12/10/1965,50073.89,HR,Full-time,7/2/2011,6958067136,0.48
63,Eveleen,Hardwidge,3/9/1965,23841.05,Finance,Contractor,10/10/2016,3298497093,0.27
64,Gates,Hariot,2/5/1999,96981.29,Operations,Part-time,8/23/2020,5618797016,0.41
65,Parrnell,Bonnette,7/23/1978,43447.48,IT,Part-time,12/19/2012,7111644200,0.44
66,Rossy,Stainburn,12/2/1988,24194.43,IT,Full-time,7/1/2018,3202523407,0.12
67,Georgy,Pyrah,10/1/1992,99293.55,HR,Part-time,2/10/2021,6265091872,0.37
68,Michail,Marzelli,2/5/1982,36096.62,IT,Full-time,4/20/2015,2416343817,0.17
69,Axe,Casetta,6/24/1989,58797.13,Finance,Part-time,7/21/2018,1029432828,0.13
70,Conny,Becket,11/10/1999,52799.8,IT,Full-time,7/21/2016,9852441345,0.11
71,Ebenezer,Liebmann,4/3/1964,86023.37,Operations,Part-time,4/19/2018,7082403247,0.32
72,Cullin,Moret,11/30/1997,69670.38,HR,Full-time,6/21/2016,7034117822,0.4
73,Phip,Rowlings,12/30/1966,28863.16,IT,Part-time,8/15/2018,5691084678,0.34
74,Gussy,Hadcock,7/11/1988,79560.9,Finance,Contractor,12/16/2010,1562140397,0.32
75,Wilfred,Schonfeld,12/26/1999,58062.46,HR,Part-time,1/24/2019,1563407870,0.26
76,Gaston,McEachern,12/3/1996,75469.92,HR,Part-time,4/5/2017,3769373352,0.33
77,Helen,Toffel,11/18/1968,77275.0,HR,Full-time,6/4/2021,2603029975,0.47
78,Darline,Joyner,8/27/1987,45865.33,Finance,Full-time,8/14/2014,3886300277,0.25
79,Gerry,Halwood,12/11/1989,41960.41,HR,Contractor,10/28/2013,8938468255,0.28
80,Broddy,Demschke,3/21/1988,45458.56,Operations,Contractor,2/6/2015,9637493145,0.36
81,Marshal,Scholte,3/30/1960,59943.37,Finance,Contractor,2/5/2017,6473192146,0.37
82,Seline,Zanni,7/26/1988,98526.53,Finance,Contractor,3/13/2011,2458182565,0.19
83,Brice,Twiddell,9/27/1971,73922.11,Finance,Contractor,9/18/2021,6353299367,0.41
84,Kettie,Dusting,10/3/1993,67058.86,Operations,Part-time,3/11/2010,6396631701,0.44
85,Shalne,Crookshanks,3/31/1960,76548.06,HR,Contractor,1/27/2011,1849149685,0.33
86,Evelin,McVane,2/25/1992,45805.02,IT,Part-time,5/15/2010,2011589601,0.38
87,Rosella,Cawker,5/11/1985,27907.76,IT,Part-time,3/11/2013,4661254464,0.29
88,Tremaine,Bushel,11/13/1962,71295.21,Finance,Full-time,9/22/2015,1045532323,0.12
89,Lizzy,Edmands,12/25/1975,40205.18,HR,Contractor,11/22/2017,5984269622,0.31
90,Charo,Postles,1/19/1965,87088.0,IT,Part-time,4/29/2013,6113278330,0.24
91,Tabatha,Howatt,7/12/1992,55905.82,HR,Part-time,8/26/2020,5416054156,0.35
92,Nicolis,Wantling,7/24/1972,99705.23,Operations,Part-time,5/10/2016,6933293013,0.47
93,Yardley,Larner,12/5/1992,97276.3,HR,Contractor,3/2/2014,6582291679,0.28
94,Carlin,Casaccia,12/26/1989,90032.74,Finance,Contractor,6/22/2011,2709260428,0.46
95,Gigi,M'Quharg,5/26/1980,22913.42,Operations,Contractor,4/24/2011,6432132337,0.16
96,Kym,Martinyuk,12/7/1980,84756.6,Operations,Contractor,3/28/2011,5534910241,0.41
97,Philly,Feathers,4/28/1974,82848.69,IT,Part-time,3/4/2014,1763548570,0.42
98,Forster,Hodgen,5/12/1983,34563.84,HR,Contractor,7/2/2013,8280790230,0.22
99,Trudi,Del Monte,2/25/1965,59589.57,Operations,Contractor,12/21/2018,4368976479,0.46
100,Correy,Schoular,1/31/1978,43634.28,Finance,Contractor,12/5/2013,3609488757,0.16
101,Gayla,Baselli,6/18/1971,43207.58,IT,Contractor,1/30/2019,3042965007,0.18
102,Eleanor,Van den Hof,7/5/1962,26991.32,IT,Full-time,6/17/2014,8791335679,0.46
103,Alfonse,Campaigne,1/6/1992,89000.66,Finance,Part-time,10/1/2011,3384051135,0.46
104,Stirling,Lillegard,5/7/1966,76030.81,Finance,Contractor,5/11/2020,3524324369,0.28
105,Nikolaus,Reston,12/12/1998,24666.5,Operations,Part-time,10/1/2019,7669014338,0.49
106,Esta,Tommeo,10/6/1994,70185.67,Operations,Full-time,1/16/2014,3915661621,0.45
107,Anthia,Escreet,12/29/1973,57445.63,Finance,Full-time,10/16/2017,3006145092,0.12
108,Pedro,Eddisford,8/10/1962,20759.95,Operations,Full-time,8/24/2018,8618236810,0.12
109,Freeland,Huffey,9/30/1963,46563.44,Finance,Part-time,8/12/2011,3778278569,0.34
110,Tildie,Vinton,9/6/1984,50571.29,HR,Contractor,9/8/2016,7122564686,0.34
111,Ingaborg,Asher,9/20/1996,63268.87,Finance,Contractor,11/2/2020,2813805502,0.23
112,Gare,Shelly,4/29/1963,85847.32,HR,Full-time,10/6/2011,2120625683,0.48
113,Filia,Guidera,12/16/1997,64681.89,HR,Full-time,9/3/2021,5263843325,0.39
114,Adan,Ixor,9/28/1968,67280.75,Operations,Contractor,2/13/2011,7004737212,0.22
115,Emelina,Buckett,6/7/1970,32838.54,HR,Part-time,2/2/2019,9078708569,0.18
116,Del,Fateley,1/29/1997,78702.45,HR,Part-time,5/18/2013,4570647016,0.12
117,Oralle,Dibbe,12/22/1969,43751.48,Finance,Part-time,4/29/2018,2370446675,0.33
118,Cosme,Gibberd,10/16/1978,96917.06,HR,Full-time,12/19/2010,3454358876,0.19
119,Jerry,Demschke,5/19/1996,89643.23,HR,Part-time,9/21/2019,5592425944,0.35
120,Chickie,Lavell,9/13/1987,22444.8,Finance,Contractor,4/18/2017,5442281117,0.46
121,Doug,Jakubovski,10/29/1968,77557.68,Operations,Full-time,5/20/2018,1065082204,0.12
122,Archie,Benedick,8/24/1979,86215.1,Finance,Contractor,6/23/2017,6137191652,0.27
123,Andee,Pitherick,1/30/1964,49241.37,Operations,Part-time,9/1/2013,2623355961,0.26
124,Ingaborg,Newson,8/31/1999,26524.43,HR,Contractor,7/20/2013,7111811149,0.13
125,Teddy,Cutbirth,8/4/1998,31963.7,HR,Contractor,6/29/2012,5043826356,0.13
126,Jordan,Danniell,6/20/1976,40094.91,Finance,Part-time,1/7/2018,1875675512,0.28
127,Katrine,Tipler,8/25/1973,81189.35,HR,Part-time,9/11/2011,4996483350,0.46
128,Jory,Purdon,5/22/1999,83302.48,Finance,Full-time,12/14/2019,4218638560,0.43
129,Gwendolin,Trayford,7/29/1969,43108.85,Finance,Full-time,4/6/2015,8924047957,0.35
130,Lauralee,Ransley,8/26/1995,63993.56,HR,Part-time,7/16/2019,6755642259,0.28
131,Elias,Bebis,9/30/1967,56731.58,Finance,Part-time,1/7/2015,9515784938,0.48
132,Ezri,Garner,5/19/1968,73503.01,Operations,Contractor,12/20/2016,6061836288,0.27
133,Shellysheldon,Ferrettini,5/1/1966,26567.36,Operations,Part-time,7/13/2010,2549634530,0.49
134,Stinky,Swyne,3/21/1992,90122.16,Operations,Part-time,3/22/2018,1710499057,0.4
135,Dominga,Archibold,3/26/1966,62756.52,Operations,Contractor,7/11/2012,3729116523,0.13
136,Junie,Antrack,9/23/1961,26690.75,Operations,Part-time,9/11/2014,3823434169,0.27
137,Ginger,Bernhard,3/20/1980,33219.58,Finance,Contractor,9/22/2010,2460569574,0.26
138,Curr,Defrain,2/8/1983,49504.69,Finance,Full-time,4/26/2012,9117648461,0.21
139,Son,Siley,9/17/1981,99705.29,HR,Full-time,4/17/2018,1405495177,0.4
140,Bianca,Deakins,10/4/1970,33246.5,IT,Contractor,7/7/2018,4050198651,0.19
141,Stevana,Makey,3/31/1963,45069.21,IT,Full-time,6/8/2010,3802103082,0.46
142,Torrence,Wheildon,5/11/1983,45419.51,IT,Part-time,8/6/2021,3878725110,0.23
143,Carol-jean,Aldhouse,3/10/1994,65088.77,Operations,Part-time,12/26/2016,1602909411,0.22
144,Loutitia,Dellenbrook,8/13/1976,26776.42,HR,Full-time,7/13/2016,9141651334,0.27
145,Ashly,Lowery,5/11/1990,80172.72,Finance,Full-time,5/3/2021,2823953478,0.48
146,Blondy,Pharrow,8/10/1993,20740.04,Finance,Full-time,12/3/2011,2525573824,0.32
147,Xylia,Bellas,5/27/1976,69137.83,HR,Contractor,8/2/2018,8751505921,0.11
148,Murdoch,Gorring,6/6/1973,34702.43,IT,Contractor,1/1/2018,9978725877,0.24
149,Elga,Fransewich,4/10/1971,69907.84,Operations,Part-time,11/19/2017,7853766844,0.16
150,Stafford,Stilliard,5/16/1985,91165.72,HR,Part-time,2/4/2016,5104396452,0.4
151,Irvine,Chettle,9/9/1984,89821.08,Operations,Contractor,10/31/2010,3374971371,0.4
152,Curtice,Bugbee,3/3/1978,20860.68,HR,Contractor,12/27/2013,6583799374,0.28
153,Renelle,Coxhead,12/17/1988,22798.21,Finance,Part-time,7/15/2017,8718173748,0.46
154,Lorinda,Blagdon,2/7/1991,51460.77,Operations,Full-time,4/21/2016,9805417439,0.27
155,Kelwin,Goford,8/16/1979,68559.47,Finance,Full-time,2/9/2019,4953526025,0.43
156,Cullan,Sate,10/15/1978,46211.64,IT,Part-time,8/7/2016,6347102421,0.17
157,Callean,Domoney,11/27/1977,78573.06,IT,Part-time,12/4/2016,7458095543,0.45
158,Korella,Morphet,7/28/1992,66821.66,Finance,Full-time,5/9/2021,1399091163,0.1
159,Ree,Frow,5/13/1999,73378.07,Finance,Contractor,12/4/2017,9505679522,0.33
160,Elna,Fleetwood,9/17/1965,53823.98,Operations,Full-time,5/10/2021,9658859856,0.22
161,Fredia,Rouch,8/29/1969,33274.35,Finance,Part-time,6/15/2020,2113071879,0.47
162,Lorry,Brickdale,11/21/1960,65234.26,Finance,Full-time,3/29/2012,1624846392,0.34
163,Burnaby,Bantham,2/2/1979,69863.07,Finance,Part-time,11/23/2015,7877252421,0.38
164,Averil,Wantling,7/11/1969,27413.51,Finance,Full-time,5/12/2010,4785129702,0.5
165,Danila,Giorio,3/19/1985,25498.26,Operations,Part-time,4/3/2012,2875776728,0.38
166,Nicol,Readings,12/22/1983,21128.29,Operations,Part-time,2/23/2014,6870400626,0.19
167,Sibel,Mingaye,8/20/1963,51327.97,IT,Contractor,3/8/2017,5213959412,0.32
168,Rozele,Blaxeland,11/15/1962,54381.91,Finance,Part-time,5/3/2010,8162932764,0.45
169,Kale,Sarll,5/13/1973,93505.36,Operations,Part-time,7/25/2014,9508402042,0.5
170,Gerome,Fosdike,8/4/1987,63903.54,HR,Part-time,11/15/2021,6020369185,0.36
171,Ari,Jeannaud,10/4/1981,54712.2,Finance,Contractor,8/14/2016,8502487246,0.45
172,Elsbeth,Dodridge,1/18/1984,56781.74,IT,Full-time,5/25/2015,6431950222,0.36
173,Leah,Klus,10/9/1993,82307.43,IT,Part-time,8/22/2010,7848542176,0.19
174,Bone,Rostern,5/27/1993,32212.59,Finance,Full-time,1/9/2018,2485712117,0.48
175,Carmina,de Quincey,1/28/1981,73973.98,Operations,Part-time,1/19/2012,6157998699,0.49
176,Chrissie,Morecomb,1/2/1976,58501.04,HR,Part-time,4/5/2014,8696285996,0.32
177,Evelyn,Rawne,4/7/1970,37879.24,HR,Contractor,2/17/2013,3466335512,0.11
178,Sebastien,Speck,6/26/1964,41774.8,Operations,Part-time,6/24/2013,3506896033,0.21
179,Perkin,Ritmeyer,7/22/1985,33004.08,Finance,Contractor,12/27/2012,6995780320,0.26
180,Philippine,Yitzhak,8/13/1999,81996.1,Finance,Part-time,3/10/2013,4448352371,0.17
181,Shea,O'Loughane,2/2/1982,91670.27,Operations,Part-time,4/11/2015,3169733499,0.38
182,Dorisa,Abad,8/11/1965,78396.27,Operations,Full-time,10/9/2010,8447519816,0.17
183,Skippie,Oakeby,6/1/1992,47808.09,IT,Full-time,8/17/2020,7756413194,0.14
184,Valentine,Quarton,7/22/1971,98649.88,HR,Part-time,9/26/2015,6765174440,0.12
185,Kimball,Cramb,10/15/1979,38901.59,Finance,Contractor,7/25/2021,3515685616,0.19
186,Porter,Backshill,7/9/1995,22361.08,Finance,Part-time,11/12/2020,7468074400,0.11
187,Dede,Wallworth,12/19/1992,52386.13,IT,Full-time,2/10/2012,7863870119,0.38
188,Thalia,Guerriero,10/9/1964,73632.32,HR,Contractor,6/12/2019,3549719549,0.11
189,Rafferty,Grimolbie,1/24/1985,60566.75,Operations,Contractor,9/28/2015,9306800189,0.49
190,Evyn,Marvelley,4/19/1981,34175.65,Finance,Part-time,2/4/2021,8592073536,0.39
191,Diarmid,Dyball,6/10/1961,57638.07,Finance,Full-time,11/11/2020,3481651528,0.38
192,Genny,Tracy,2/12/1978,40333.4,HR,Contractor,10/9/2016,6513286758,0.11
193,Violette,Maxweell,4/2/1992,85081.71,IT,Part-time,8/29/2010,1941618688,0.45
194,Elka,Reiners,7/4/1992,35361.72,IT,Contractor,1/20/2014,5994733595,0.21
195,Shurwood,Aubrey,5/4/1998,76936.98,IT,Contractor,5/30/2010,9720260331,0.18
196,Joan,Joska,5/11/1989,61846.5,IT,Contractor,11/5/2010,5682032329,0.23
197,Lurleen,Dovydenas,1/18/1963,82973.18,Operations,Contractor,8/12/2015,4018911254,0.19
198,Jeane,Cruse,2/20/1985,92692.61,IT,Part-time,7/8/2021,9440811809,0.35
199,Calida,Gittus,3/13/1985,44262.0,Operations,Full-time,2/1/2011,3982122129,0.3
200,Austin,Ollive,4/28/1970,82559.24,Operations,Full-time,6/12/2017,7954623482,0.39
201,Wood,Morat,6/10/1974,24878.74,IT,Contractor,10/8/2016,7165267002,0.38
202,Alwyn,Angood,1/16/1974,54317.83,IT,Full-time,8/21/2015,4092516826,0.34
203,Malissia,Emms,7/5/1998,82321.02,Operations,Full-time,9/30/2018,3043374307,0.23
204,Cedric,Dive,4/28/1970,90023.93,Operations,Contractor,5/26/2015,3278455587,0.31
205,Johnette,Huddlestone,1/9/1975,42300.18,Operations,Contractor,2/22/2011,8501288719,0.42
206,Dacey,O'Kerin,2/18/1985,24575.82,Operations,Part-time,5/23/2021,3999057911,0.2
207,Sharon,Gaskin,2/5/1992,27876.49,IT,Full-time,11/20/2016,4548252626,0.24
208,Florance,MacDermand,9/15/1964,86774.71,HR,Full-time,5/1/2011,1918320245,0.15
209,Morten,Biggerdike,1/8/1995,86558.61,Operations,Contractor,9/18/2019,9489715880,0.35
210,Padget,Causley,11/19/1992,60367.29,IT,Full-time,5/11/2012,3947508111,0.28
211,Ennis,Dimitrijevic,8/15/1969,60105.08,Operations,Full-time,3/26/2015,5416570554,0.39
212,Sean,Follacaro,7/2/1967,34131.6,Finance,Full-time,8/11/2021,6026591099,0.27
213,Ronna,Gianetti,7/28/1977,86722.84,Finance,Contractor,8/27/2020,4443740998,0.33
214,Dehlia,Yusupov,11/12/1997,45607.71,HR,Part-time,1/19/2015,4557164026,0.32
215,Sindee,Colquyte,7/29/1990,68510.6,IT,Part-time,5/24/2016,1021275245,0.15
216,Benedikta,Inkin,8/13/1973,83138.14,IT,Full-time,3/18/2015,1143740311,0.48
217,Hannie,Haliburton,1/16/1986,21576.26,HR,Part-time,8/28/2019,7796976325,0.26
218,Ashlan,Paice,7/13/1968,62221.92,Finance,Part-time,10/15/2013,8951069605,0.13
219,Lydon,Harring,3/16/1988,58002.07,HR,Part-time,12/6/2020,9266389578,0.38
220,Paddy,Jiggle,4/16/1971,87980.84,IT,Contractor,1/2/2015,7729588291,0.13
221,Victoir,Lipyeat,10/15/1981,43525.76,Finance,Full-time,10/1/2013,2678024204,0.22
222,Russ,Seater,10/7/1973,89597.5,Finance,Full-time,7/30/2020,9269187235,0.33
223,Ashly,Antwis,3/13/1966,89147.09,HR,Part-time,9/13/2019,4019593760,0.42
224,Bradan,O'Neal,10/18/1973,93339.24,IT,Contractor,5/9/2018,3721268463,0.33
225,Moe,Jopp,11/26/1978,41616.93,IT,Full-time,7/11/2018,3806888369,0.45
226,Meagan,Klimkowski,12/1/1976,95894.86,IT,Contractor,9/5/2016,9561447827,0.39
227,Guinevere,Izsak,11/5/1995,31195.47,IT,Part-time,7/27/2016,4573976764,0.4
228,Geneva,Bramont,4/9/1982,31139.55,HR,Part-time,7/24/2017,2528518667,0.41
229,Rooney,Salvage,11/1/1971,69305.5,HR,Part-time,8/2/2016,5973555896,0.33
230,Leela,Allard,6/3/1961,79446.44,Finance,Part-time,6/25/2020,7562257707,0.19
231,Davina,Straun,5/23/1984,72418.09,Operations,Full-time,5/1/2010,8465919635,0.49
232,Willabella,Elsmere,11/11/1966,97907.57,HR,Full-time,3/15/2018,7053240765,0.13
233,Tammi,Juara,11/8/1975,58927.8,HR,Full-time,5/15/2015,9249850356,0.35
234,Deck,Tichner,10/22/1994,38550.6,Finance,Contractor,7/11/2017,7984919833,0.45
235,Hettie,Roderham,7/1/1964,37701.94,HR,Full-time,7/10/2019,1814895854,0.47
236,Shaylyn,Spalding,7/15/1960,34675.71,Finance,Contractor,10/20/2012,9457617716,0.4
237,Zebadiah,Beagin,3/4/1964,94509.3,Operations,Contractor,8/24/2012,8880589295,0.22
238,Shalom,Cadamy,6/19/1988,37266.27,Operations,Part-time,3/17/2021,6734081236,0.43
239,Ariel,Adrain,6/5/1962,65807.06,HR,Part-time,1/10/2020,2287805606,0.26
240,Sergeant,Toft,10/10/1960,98124.8,HR,Part-time,10/10/2018,2709374410,0.35
241,Angil,MacKimm,1/1/1962,50926.95,HR,Full-time,3/11/2019,3366424187,0.33
242,Eadmund,Galgey,1/3/1961,23942.33,Finance,Contractor,2/18/2010,5935722769,0.16
243,Cly,Weavers,5/16/1976,43976.68,IT,Full-time,4/7/2021,2320732670,0.16
244,Abba,Bett,7/24/1968,28619.56,Finance,Contractor,5/15/2016,1487265204,0.2
245,Abramo,Pasticznyk,1/18/1991,59275.8,Finance,Part-time,6/12/2016,1608289912,0.38
246,Gwennie,Skully,9/25/1976,95680.33,HR,Full-time,6/8/2016,4894946533,0.12
247,Lorrie,Winstanley,5/4/1977,57289.72,IT,Full-time,2/17/2017,8581675506,0.15
248,Uta,Ciciotti,3/20/1999,32942.39,HR,Full-time,7/14/2011,4718415997,0.45
249,Kirsteni,Pullman,6/21/1962,81791.16,HR,Contractor,12/15/2011,1543563366,0.13
250,Jami,Ryves,2/13/1984,71527.02,Finance,Part-time,12/27/2012,9818101440,0.48
251,Cristi,Leser,6/9/1971,99256.91,HR,Part-time,7/24/2020,8794432692,0.17
252,Ximenes,Botham,12/28/1998,76855.52,HR,Part-time,2/23/2013,2418496288,0.48
253,Ailis,Larrat,4/20/1974,30636.23,Finance,Contractor,1/7/2012,1280931363,0.28
254,Shalna,Coopland,1/22/1980,79941.04,IT,Contractor,10/13/2012,3190417228,0.15
255,Jocelin,Armer,11/25/1973,61876.81,Operations,Part-time,10/6/2014,7729527763,0.14
256,Stanly,Blakiston,2/26/1979,66605.47,IT,Part-time,11/28/2021,8281646234,0.19
257,Meier,Medland,6/24/1966,71220.16,HR,Contractor,10/13/2016,6681424862,0.14
258,Shea,Ovendale,9/22/1980,34511.21,IT,Part-time,5/3/2014,3422693471,0.45
259,Loni,Bartram,4/21/1972,77229.29,IT,Part-time,5/9/2014,7934911838,0.17
260,Daniel,Stanfield,5/1/1965,46834.41,IT,Full-time,6/9/2014,4305587789,0.48
261,Adlai,Ferrige,4/2/1994,87210.0,IT,Contractor,4/28/2020,2622572211,0.36
262,Clay,Rubinovici,3/10/1996,97301.79,Finance,Part-time,1/24/2018,7643449897,0.14
263,Audie,Steinham,5/13/1992,59628.41,Operations,Contractor,9/23/2017,8955688311,0.46
264,Inge,Dundredge,4/18/1962,40096.32,Finance,Part-time,3/26/2017,4962449916,0.36
265,Tamqrah,Ashbe,3/7/1967,59955.56,IT,Contractor,11/29/2014,3952911098,0.14
266,Ilysa,Clinning,3/28/1975,48545.21,IT,Full-time,11/9/2014,6419314745,0.26
267,Vanda,Milvarnie,8/21/1966,27991.43,IT,Part-time,12/6/2011,2686372109,0.38
268,Norah,Hobble,9/16/1976,88582.14,Operations,Part-time,10/15/2010,4331993050,0.2
269,Consuelo,Malinson,11/23/1980,27094.35,HR,Contractor,10/8/2012,9561324679,0.26
270,Marcelia,Chorley,1/17/1975,97102.54,HR,Part-time,9/12/2019,7985227375,0.33
271,Paton,Gilluley,12/27/1963,87796.3,IT,Full-time,4/30/2015,9295969501,0.37
272,Cordy,Daintier,10/9/1994,60772.37,Finance,Contractor,6/5/2021,6497266808,0.34
273,Rice,Bielefeld,1/11/1995,73523.15,Operations,Full-time,11/20/2021,1363148861,0.27
274,Meade,McCusker,12/5/1986,78668.61,IT,Full-time,6/21/2015,5931223566,0.42
275,Hayley,Sollime,12/30/1997,86927.35,IT,Part-time,7/29/2014,4477477355,0.23
276,Giana,Foat,6/28/1979,54588.73,Finance,Part-time,10/8/2011,3376860546,0.37
277,Erhart,Remer,1/12/1981,56448.8,Operations,Part-time,5/17/2010,1257966305,0.39
278,Babbie,Ahern,11/9/1984,62203.06,HR,Part-time,4/18/2019,3703578373,0.31
279,Davey,Cormode,12/30/1992,75052.38,IT,Contractor,11/19/2021,2887066999,0.11
280,Quint,Harral,10/9/1998,98772.42,HR,Part-time,1/11/2017,5623212774,0.43
281,Florella,Lindmark,10/15/1991,30223.5,HR,Contractor,8/12/2016,8058819008,0.43
282,Correy,Galton,7/14/1965,86807.58,Operations,Part-time,9/2/2015,2278377864,0.46
283,Barbie,Armitage,8/8/1969,82287.4,IT,Part-time,7/29/2018,9857055917,0.12
284,Charita,Amsden,2/24/1999,37054.4,Operations,Part-time,12/6/2010,9353377105,0.13
285,Octavius,Strickler,1/17/1991,20854.96,HR,Full-time,8/9/2012,2666751559,0.27
286,Caitlin,Stallworthy,11/26/1992,52492.26,IT,Contractor,6/25/2016,7283194628,0.45
287,Kearney,Tzarkov,11/20/1966,29765.19,IT,Contractor,5/29/2017,1872522551,0.27
288,Lazaro,Manthorpe,5/12/1968,32218.85,Operations,Contractor,4/5/2013,4807610509,0.44
289,Arlee,Antuoni,11/21/1967,85226.85,Operations,Full-time,4/21/2020,8015416725,0.14
290,Keenan,Ruselin,1/21/1991,45250.25,Finance,Contractor,7/13/2019,5259728956,0.28
291,Pablo,Hayhoe,11/13/1980,24927.91,Finance,Full-time,11/12/2020,7667196188,0.25
292,Elias,Strewthers,8/8/1988,25599.45,Finance,Part-time,10/2/2014,1192229217,0.44
293,Lilia,Sellek,8/10/1961,83148.47,Finance,Contractor,10/19/2020,5547195541,0.34
294,Anatol,Mahomet,9/12/1964,34292.75,Operations,Part-time,5/27/2015,8791391800,0.48
295,Klara,Dubique,11/29/1970,24553.11,HR,Full-time,6/28/2020,2312757160,0.1
296,Celina,Johananoff,11/30/1979,30629.34,Finance,Full-time,8/24/2020,9280174677,0.33
297,Aurelia,Saph,1/2/1992,93640.22,Finance,Full-time,1/22/2018,7035406906,0.37
298,Joey,Boak,12/16/1983,71034.14,IT,Full-time,7/5/2013,2728804184,0.32
299,Sharon,Rosenschein,5/2/1963,25909.25,Finance,Part-time,4/23/2016,7681540648,0.27
300,Bamby,Delepine,6/12/1977,68679.7,Operations,Full-time,12/7/2017,6968409656,0.21
301,Mollie,Kinnaird,6/5/1969,75558.54,HR,Contractor,9/18/2017,8813978568,0.15
302,Belita,Sullivan,6/9/1993,40106.43,Finance,Part-time,5/15/2011,2099497233,0.45
303,Robert,Belchem,1/3/1963,92604.12,IT,Contractor,2/14/2015,9596182487,0.38
304,Allegra,Molder,5/30/1962,99356.72,Finance,Part-time,8/25/2017,5297767243,0.37
305,Gherardo,Slaymaker,5/7/1966,43980.12,HR,Contractor,12/27/2016,8070439226,0.14
306,Trula,Abry,8/12/1999,29760.24,IT,Part-time,1/3/2015,4167456214,0.4
307,Maryanne,Senett,10/6/1993,55382.97,Finance,Full-time,12/14/2015,3282926023,0.28
308,Carmela,Cluckie,12/1/1969,89486.55,Finance,Full-time,8/29/2017,2408971963,0.33
309,Selestina,Sawtell,4/24/1975,54466.07,IT,Full-time,7/21/2021,3106690696,0.45
310,Lonni,Boldero,9/8/1988,78769.24,IT,Contractor,5/24/2011,3535168158,0.34
311,Aaren,Duthy,6/26/1962,34767.35,Operations,Contractor,8/11/2021,7408331232,0.37
312,Jo,Rosi,3/19/1973,24364.51,Finance,Contractor,11/28/2018,1188109311,0.11
313,Hynda,Wanden,2/24/1996,24806.37,IT,Contractor,10/3/2010,9628891420,0.39
314,Catrina,Mattiacci,2/2/1988,72289.53,HR,Full-time,11/16/2012,3371992457,0.23
315,Hortense,Britton,12/13/1994,96344.9,HR,Part-time,12/25/2013,9360534898,0.23
316,Flory,Woof,7/20/1982,22628.9,HR,Part-time,1/16/2018,2954793142,0.16
317,Staffard,Joysey,5/4/1999,99477.26,HR,Full-time,10/15/2018,7236770267,0.45
318,Annette,Trevain,6/23/1986,26309.01,HR,Contractor,11/1/2016,8684396157,0.23
319,Heath,Thumim,2/22/1990,78947.31,HR,Part-time,4/1/2020,5394183946,0.18
320,Vikki,Grob,6/8/1971,71472.91,HR,Part-time,7/12/2015,7471283510,0.34
321,Kiri,Vinall,7/5/1980,52111.69,Operations,Full-time,9/9/2021,6645584892,0.2
322,Lalo,Boyington,11/8/1970,98889.51,Finance,Contractor,10/9/2017,1307767173,0.11
323,Tristam,Tierney,7/23/1962,34880.34,HR,Contractor,2/4/2013,4091293073,0.34
324,Joe,Partrick,8/22/1984,47635.09,IT,Part-time,3/28/2014,9719854733,0.45
325,Lucina,Bonn,12/18/1970,55689.0,Finance,Contractor,7/9/2015,4333777930,0.11
326,Tamma,Lothlorien,8/15/1960,77238.98,Operations,Part-time,2/21/2017,9061631735,0.32
327,Perle,Bannester,11/2/1974,85807.36,Operations,Contractor,5/9/2012,5612336702,0.46
328,Boycie,Petchey,9/11/1986,99828.63,HR,Full-time,11/15/2020,4258282388,0.22
329,Briant,Minchinden,10/18/1997,48090.56,IT,Part-time,12/9/2014,5161455639,0.46
330,Loretta,Belton,1/1/1987,63275.18,IT,Contractor,3/10/2010,8418538580,0.12
331,Hallsy,Mitro,11/23/1997,85159.03,HR,Full-time,12/28/2010,9389942207,0.21
332,Ravi,Toner,5/25/1987,52441.1,HR,Full-time,6/20/2010,9312592310,0.24
333,Melodie,Betho,1/19/1974,72183.92,Finance,Contractor,12/20/2020,5561472127,0.39
334,Farleigh,Brussell,6/7/1986,59907.58,IT,Contractor,8/11/2014,5829345551,0.29
335,Olivia,Creese,12/6/1977,73835.31,Operations,Part-time,10/1/2013,7497067087,0.38
336,Howie,Skeemer,11/24/1973,33850.33,Operations,Part-time,2/6/2013,2382734235,0.14
337,Lacy,Louys,6/5/1980,36228.51,Operations,Full-time,3/30/2017,6791481655,0.13
338,Josepha,Baggarley,5/2/1967,23989.72,Finance,Contractor,2/7/2014,6863933532,0.35
339,Jemie,Hancell,11/11/1976,55513.85,IT,Part-time,9/1/2010,4793871284,0.18
340,Leoline,Sandaver,12/29/1961,67216.24,Operations,Part-time,11/18/2014,9276461203,0.26
341,Faythe,Keel,12/14/1995,38413.34,IT,Part-time,6/20/2017,6217955230,0.2
342,Kissie,Skilling,3/3/1967,97513.3,IT,Contractor,5/27/2010,2900788232,0.38
343,Town,Orvis,10/22/1983,74809.21,Operations,Part-time,11/14/2017,8621504622,0.14
344,Nara,McAirt,12/18/1988,53600.43,IT,Part-time,5/1/2018,6173714451,0.39
345,Dierdre,Flacknoe,3/2/1999,53144.2,Finance,Contractor,2/11/2013,6724249987,0.33
346,Paige,Taylerson,5/19/1999,62150.49,Finance,Part-time,1/29/2020,7047625369,0.22
347,Agnes,Rontree,10/7/1983,68210.12,Finance,Contractor,2/23/2014,8848883114,0.22
348,Laure,Malinowski,7/19/1999,88522.54,Finance,Contractor,8/13/2018,3178036110,0.38
349,Ainslie,Low,7/29/1973,42092.63,Finance,Full-time,8/27/2015,8224842516,0.48
350,Dodi,Aykroyd,7/27/1979,37819.57,Finance,Contractor,6/18/2011,9095937402,0.15
351,Josefa,Behling,8/17/1977,85062.12,IT,Part-time,7/18/2016,4828635723,0.15
352,Wynn,Guilfoyle,9/16/1973,42848.42,HR,Contractor,6/3/2020,1724481901,0.31
353,Marris,Cottham,10/6/1976,24724.49,Operations,Contractor,4/8/2017,5388474832,0.49
354,Christyna,Hammond,10/8/1988,28512.75,IT,Contractor,8/6/2017,3611820320,0.5
355,Charil,Casswell,10/3/1976,90134.1,HR,Full-time,4/13/2020,2933181413,0.32
356,Lyndsie,Morstatt,5/20/1993,54204.85,HR,Part-time,3/3/2021,5685648602,0.15
357,Tedmund,Stieger,12/31/1962,38406.18,Finance,Part-time,9/21/2013,8095683080,0.19
358,Tiertza,Darch,10/31/1978,71577.63,IT,Part-time,12/2/2010,3829077688,0.41
359,Flossi,Ronayne,2/2/1960,50203.48,Finance,Part-time,5/1/2011,8722130875,0.4
360,Berrie,Bellfield,12/31/1999,69088.0,HR,Contractor,1/14/2021,4568712927,0.33
361,Lynsey,Simonassi,11/3/1979,68619.58,HR,Part-time,1/31/2014,5787784445,0.41
362,Melony,Boobier,5/23/1961,29828.87,Finance,Contractor,7/21/2015,3539444465,0.34
363,Tiertza,Norway,5/6/1962,68757.0,Operations,Part-time,12/21/2011,3243606334,0.47
364,Allix,Hardeman,4/6/1992,40966.0,Finance,Part-time,7/23/2015,4356815169,0.31
365,Annmaria,Okeshott,1/29/1983,49054.09,HR,Contractor,4/2/2013,9128901330,0.3
366,Ingmar,Pennycook,5/30/1972,64213.86,IT,Part-time,6/15/2015,4392465107,0.26
367,Elberta,Pounsett,4/18/1978,63630.18,Operations,Contractor,6/5/2011,2776184962,0.41
368,Matelda,Gautrey,7/16/1960,60635.16,Finance,Contractor,3/26/2017,8429983260,0.34
369,Karel,Featherstonhalgh,5/2/1974,20774.23,HR,Contractor,3/7/2012,4539990134,0.18
370,Niel,Morriss,3/9/1976,72606.94,HR,Full-time,4/20/2015,6384917144,0.3
371,Kennie,Shute,12/18/1983,39942.93,HR,Contractor,5/22/2013,4571864770,0.11
372,Bambi,Haselhurst,1/22/1993,76689.98,Finance,Contractor,2/10/2015,4654158400,0.34
373,Bayard,Itchingham,2/25/1992,42601.69,IT,Contractor,3/13/2017,3357012175,0.3
374,Morissa,Segar,10/16/1963,89255.78,IT,Part-time,11/1/2010,3285675477,0.37
375,Wilhelm,Feaks,6/19/1984,72445.46,Operations,Part-time,3/14/2020,9579104644,0.15
376,Dyan,Pavlenko,6/16/1960,47733.26,Finance,Contractor,7/18/2015,1705782126,0.43
377,Fawn,Teare,7/30/1978,69390.48,HR,Contractor,1/23/2020,1918939743,0.22
378,Judon,Gerram,11/13/1983,61481.36,Operations,Contractor,12/6/2014,1335930541,0.2
379,Leia,Klaussen,7/26/1964,42922.64,Operations,Full-time,12/6/2012,5864573420,0.13
380,Kerwinn,Flannigan,3/15/1976,33061.0,HR,Contractor,6/15/2018,9088252079,0.38
381,Dalila,Blore,12/23/1971,99778.46,Finance,Part-time,6/4/2021,8156929168,0.24
382,Trey,Ganderton,11/18/1960,42861.75,Finance,Part-time,3/31/2018,9025774514,0.18
383,Stanfield,Bosquet,1/19/1963,77917.45,Finance,Full-time,3/21/2014,2480316511,0.26
384,Quinton,Render,2/25/1987,80646.46,IT,Part-time,3/14/2013,7597046200,0.49
385,Avivah,Noddings,5/23/1982,58359.07,HR,Part-time,7/31/2011,4359312115,0.42
386,Jonathan,Petrazzi,2/2/1978,48163.49,Finance,Contractor,2/22/2017,8135527112,0.24
387,Joseph,McGurk,4/12/1998,70768.14,HR,Contractor,3/20/2014,2212824943,0.41
388,Leicester,Kerbey,5/22/1986,95574.09,Operations,Contractor,5/30/2013,6856664993,0.33
389,Tiebout,Edmett,1/5/1976,68887.33,IT,Part-time,2/18/2021,4054341938,0.46
390,Keane,Voice,8/3/1979,97427.02,Operations,Part-time,9/4/2016,7436691261,0.25
391,Wayland,Gernier,9/12/1981,98342.35,HR,Full-time,11/27/2020,5626156667,0.5
392,Ivett,Gammade,7/26/1987,36024.71,IT,Contractor,2/3/2013,7691225474,0.21
393,Edita,Pash,7/19/1996,53093.66,Operations,Part-time,11/23/2013,4237498445,0.16
394,Jeth,Drought,10/15/1998,93701.44,Finance,Part-time,11/14/2014,4091956530,0.33
395,Sean,Kyneton,2/28/1966,48703.0,HR,Contractor,6/20/2010,5373705700,0.2
396,Hogan,Giordano,7/21/1994,71082.11,Operations,Part-time,3/26/2021,5762412159,0.34
397,Haywood,Sleigh,10/15/1976,85462.11,IT,Contractor,3/19/2020,5149547267,0.47
398,Mikael,Jakubczyk,4/6/1973,58046.53,Operations,Full-time,5/30/2015,2494837533,0.38
399,Cordey,Kobpa,4/7/1976,41858.72,Finance,Part-time,1/14/2013,3825022446,0.24
400,Nessie,Androletti,3/18/1963,33527.57,Finance,Full-time,1/14/2012,8795457164,0.35
401,Holly,Johncey,5/24/1982,83771.07,Operations,Full-time,4/14/2014,8710131272,0.36
402,Rosaleen,Bazoche,1/8/1967,93584.61,HR,Contractor,1/27/2016,4537627896,0.11
403,Sarajane,Jeanes,3/26/1962,20997.84,HR,Contractor,2/7/2016,4784234556,0.17
404,Paulette,Kinkaid,10/3/1981,99650.52,HR,Full-time,1/5/2013,7814849239,0.14
405,Rosemaria,Tall,8/11/1990,59644.96,Operations,Contractor,5/24/2011,4717863695,0.35
406,Bourke,Flower,5/2/1970,97620.13,HR,Part-time,2/17/2018,8542879398,0.46
407,Tess,Hawksley,12/24/1991,53312.54,IT,Full-time,2/2/2020,4226989590,0.24
408,Cornelle,Kynton,2/20/1964,63499.14,Operations,Part-time,7/11/2012,7829561981,0.43
409,Lorens,Dunthorn,11/28/1963,41386.49,Operations,Part-time,10/23/2018,2685568177,0.13
410,Victoir,Birtles,6/20/1980,70623.82,IT,Part-time,4/2/2021,2970101790,0.17
411,Delores,Weins,12/30/1994,38650.2,Operations,Full-time,10/2/2013,4755440002,0.46
412,Tallou,Sneesby,2/22/1981,53087.31,HR,Contractor,10/19/2011,3028408237,0.27
413,Alanah,Woodrup,9/13/1978,83368.99,Operations,Contractor,5/26/2010,9807539266,0.15
414,Bethina,Lawles,4/5/1960,39063.95,HR,Contractor,12/7/2012,6116433159,0.41
415,Meghann,Blaszkiewicz,9/23/1970,51354.74,Operations,Part-time,9/23/2019,3921726276,0.32
416,Skye,Threadgould,5/16/1964,60046.35,IT,Part-time,2/16/2015,5266785615,0.21
417,Maximo,Picott,8/7/1961,65220.05,HR,Full-time,12/13/2012,8714933802,0.31
418,Tedda,Kiessel,4/29/1978,61297.79,Finance,Part-time,4/12/2021,3367308753,0.32
419,Jorrie,Eatherton,3/7/1997,49825.49,IT,Full-time,10/10/2018,3958531366,0.31
420,Matthaeus,Tyght,4/11/1992,50613.64,IT,Contractor,7/8/2019,9487946414,0.25
421,Mela,Bowskill,10/5/1983,29660.67,Operations,Full-time,6/13/2013,7223423941,0.24
422,Starlin,Laight,4/4/1965,64773.69,IT,Full-time,11/24/2018,5001491525,0.34
423,Donalt,Connal,11/27/1962,83812.15,Finance,Part-time,1/28/2015,9912703973,0.36
424,Leroi,Campbell-Dunlop,1/1/1979,24773.94,Operations,Part-time,1/15/2010,1732297257,0.14
425,Harriot,Garfoot,8/25/1964,36810.55,HR,Full-time,4/7/2020,7994422659,0.22
426,Maynord,De la Barre,1/22/1992,71613.28,Finance,Full-time,12/20/2019,4629667801,0.11
427,Frankie,Stillert,12/1/1961,56159.57,IT,Contractor,1/8/2010,2173052074,0.46
428,Arabela,Sanz,10/31/1965,42994.79,IT,Contractor,11/7/2015,6344441451,0.42
429,Jackie,Flower,10/18/1977,34953.71,HR,Full-time,4/29/2017,9680945228,0.13
430,Corbin,Oxtarby,7/4/1990,53629.8,HR,Full-time,2/10/2016,1286890959,0.22
431,Dunn,Filinkov,12/27/1964,67917.11,Operations,Full-time,6/20/2015,9226970122,0.42
432,Ailey,Greenan,4/22/1989,96143.09,Operations,Full-time,3/4/2018,8469341500,0.33
433,Gibby,Wybrow,2/17/1987,42039.14,Operations,Full-time,1/27/2018,6807239671,0.31
434,Ashton,Pothbury,4/15/1996,61325.46,Finance,Part-time,8/12/2020,1598957429,0.23
435,Loren,Binnie,3/24/1961,64371.98,Finance,Part-time,4/13/2015,3435873007,0.14
436,Maddy,Kunkler,7/22/1996,88805.89,Operations,Full-time,12/24/2019,8946564386,0.23
437,Melita,Wolfendale,2/28/1972,36723.57,HR,Full-time,3/8/2018,7614749152,0.25
438,Geoffry,Denyer,4/11/1992,57087.12,Finance,Full-time,7/26/2016,3156422994,0.15
439,Aubrie,Brierley,1/8/1991,49369.37,HR,Full-time,7/4/2018,7943861999,0.26
440,Gunner,Buckham,3/8/1961,23766.53,Operations,Part-time,10/26/2013,9605737778,0.28
441,Bobbe,Haycroft,12/4/1992,96253.44,Finance,Part-time,10/10/2011,5527124667,0.34
442,Ardys,Digle,7/11/1974,26156.87,Finance,Full-time,9/27/2016,7292279230,0.29
443,Darlene,Battlestone,4/1/1974,24917.67,IT,Part-time,3/12/2015,5235991023,0.33
444,Sherye,Knifton,12/17/1960,60678.8,Finance,Part-time,1/18/2014,2491935752,0.26
445,Fern,Perrin,1/26/1981,31838.41,IT,Full-time,4/7/2013,4334219770,0.26
446,Merridie,Buckenham,3/7/1976,39485.95,Finance,Full-time,3/20/2016,9468451348,0.45
447,Talbot,Gavin,3/14/1966,72957.37,Finance,Part-time,4/2/2016,2575640409,0.42
448,Lena,Livingstone,11/29/1983,41289.39,IT,Full-time,2/5/2010,3616219078,0.11
449,Starla,Doward,4/13/1981,41757.15,IT,Part-time,4/25/2019,2706592383,0.17
450,Randal,Hallibone,3/20/1986,84387.47,IT,Full-time,11/26/2013,3783049936,0.17
451,Lacee,Provest,10/3/1986,32027.82,HR,Part-time,10/9/2014,8101030454,0.25
452,Kelsi,Ashingden,10/9/1972,44063.77,IT,Full-time,8/3/2014,6306091541,0.28
453,Northrup,Spry,2/14/1999,65222.55,HR,Full-time,2/7/2014,6630161319,0.29
454,Constantina,Tregona,12/5/1960,49816.43,Operations,Full-time,3/28/2020,4475627680,0.18
455,Nickolas,Barham,10/20/1967,68185.48,IT,Full-time,11/2/2015,5574124320,0.27
456,Cara,Matyushkin,7/8/1975,30977.31,Operations,Part-time,2/22/2010,6150674264,0.48
457,Hamid,Eyton,1/19/1988,55324.33,IT,Contractor,4/9/2020,6059574063,0.34
458,Harold,Jakubovicz,6/3/1971,43509.39,IT,Contractor,5/29/2016,8887364716,0.3
459,Elisa,Glusby,10/3/1985,51799.86,HR,Part-time,5/29/2015,1918951253,0.45
460,Moyra,Cole,8/20/1964,41345.08,Finance,Part-time,9/22/2015,3874805992,0.29
461,Juli,Gayne,4/12/1989,51128.87,HR,Part-time,2/18/2015,1318541299,0.39
462,Nichole,Caslane,5/13/1998,20096.47,Finance,Part-time,12/15/2021,4188911218,0.26
463,Greer,Garie,1/28/1972,26674.94,Finance,Contractor,12/6/2016,3974645274,0.48
464,Fonzie,Riolfo,9/15/1998,71473.42,Finance,Contractor,6/23/2011,3431100991,0.26
465,Isac,Lowdiane,11/12/1990,95788.98,Finance,Part-time,7/30/2015,1054590068,0.47
466,Emerson,Sterte,10/10/1969,37606.5,Finance,Full-time,10/29/2014,6509863082,0.31
467,Amelie,Gensavage,6/27/1981,99269.46,Operations,Full-time,3/10/2021,1143356340,0.49
468,Mac,Manifould,4/6/1962,67943.04,Finance,Full-time,9/7/2014,6030926335,0.44
469,Claudio,Wenham,9/28/1973,42846.22,IT,Part-time,1/17/2019,4062205094,0.13
470,Toddie,De Coursey,10/28/1996,92397.84,HR,Contractor,2/3/2016,3615274373,0.38
471,Allie,Ludlom,3/13/1997,84106.88,IT,Part-time,8/10/2016,4278479348,0.33
472,Kiele,Siviter,12/20/1967,90018.99,HR,Full-time,1/28/2014,9090130492,0.2
473,Costanza,Procter,6/8/1985,42409.88,Operations,Full-time,9/14/2011,6815619136,0.1
474,Jeannette,Kellett,9/3/1993,55612.22,Finance,Full-time,5/9/2019,8412098378,0.32
475,Jordana,Marns,12/17/1970,30019.59,Finance,Part-time,3/26/2016,8847123601,0.42
476,Chuck,Valenta,10/18/1978,49997.36,IT,Part-time,12/1/2021,7614949471,0.1
477,Ottilie,Bittany,4/7/1964,51411.05,IT,Part-time,1/25/2012,6936905405,0.47
478,Ingaberg,Manuel,9/11/1982,44239.18,Operations,Contractor,7/21/2016,3648182411,0.19
479,Glenn,Drohan,12/29/1992,50662.39,Finance,Full-time,12/21/2012,3919552713,0.24
480,Iain,Key,10/20/1961,36950.31,Finance,Full-time,3/27/2016,7002341022,0.39
481,Haleigh,Dwelley,12/17/1994,53697.19,IT,Part-time,4/27/2013,7118924766,0.24
482,Larissa,Conboy,3/17/1986,61539.02,Finance,Full-time,12/15/2017,7698732063,0.49
483,Orville,Ezzy,1/20/1997,22911.45,Operations,Full-time,8/27/2018,8280384697,0.47
484,Di,Furse,2/12/1971,60195.74,Finance,Full-time,4/22/2015,8459258534,0.17
485,Jone,Rowan,9/23/1981,25607.86,Operations,Part-time,5/18/2017,8431595916,0.37
486,Windham,Maddern,7/25/1968,69016.07,HR,Full-time,10/24/2017,3606755128,0.19
487,Butch,Simioni,4/2/1988,24968.55,Finance,Part-time,4/8/2014,5566809014,0.16
488,Sidoney,Leftley,10/10/1986,57730.79,IT,Full-time,11/9/2019,7736382263,0.12
489,Stanley,Veevers,8/3/1986,82390.63,Operations,Contractor,1/24/2016,7791778417,0.3
490,Greta,Darmody,6/14/1988,81749.65,HR,Contractor,12/19/2018,6269061465,0.47
491,Bettine,Doiley,2/20/1967,37464.19,Finance,Part-time,3/2/2018,3713297869,0.4
492,Horacio,Cowdry,11/26/1988,49651.12,Operations,Contractor,10/31/2012,5299507311,0.18
493,Abie,Kernley,3/16/1970,22707.98,Finance,Contractor,6/10/2020,4397915012,0.33
494,Freeman,Fomichyov,12/3/1981,87787.57,Operations,Contractor,1/1/2010,4672178208,0.47
495,Jarrad,Tampling,12/29/1973,94387.65,Finance,Part-time,10/17/2019,2099805319,0.44
496,Renato,Dooher,1/26/1993,56871.33,Finance,Contractor,6/5/2012,9586248400,0.17
497,Leisha,Jerdon,1/11/1963,47471.17,Operations,Contractor,4/24/2010,4863356568,0.35
498,Gwenni,Botterell,1/19/1981,39553.99,Operations,Full-time,11/29/2020,2673301682,0.35
499,Hew,Dunsire,5/12/1987,56025.63,Operations,Part-time,7/22/2014,6605142806,0.23
500,Harlen,Coupman,4/20/1969,88666.68,Operations,Contractor,4/18/2021,2503391896,0.37
501,Arnaldo,Knevit,11/11/1964,39314.39,HR,Contractor,3/27/2015,4584975054,0.45
502,Stanley,Whitwam,1/7/1976,83167.45,IT,Contractor,2/3/2015,7373501645,0.4
503,Luisa,MacAughtrie,7/29/1968,73236.6,IT,Contractor,1/27/2016,8530591120,0.14
504,Renaldo,Rossey,6/26/1989,74670.59,IT,Part-time,1/30/2013,6340020006,0.24
505,Solomon,Bowdery,5/21/1976,80499.08,IT,Full-time,1/25/2012,9760070576,0.35
506,Blondie,Addionisio,7/12/1960,48222.6,IT,Full-time,1/26/2020,6049446713,0.13
507,Darleen,Stamper,9/25/1971,61115.24,Operations,Contractor,8/1/2016,4273140256,0.36
508,Rebeca,Lebbon,6/17/1975,20069.53,IT,Full-time,9/10/2011,8744409256,0.32
509,Zeb,Jeffcock,5/25/1990,66596.22,IT,Part-time,11/22/2014,5458879527,0.11
510,Bartel,Rosita,11/23/1963,66948.3,Operations,Part-time,12/29/2012,9871376930,0.29
511,Ansley,Sabberton,5/30/1996,92766.34,Finance,Contractor,9/13/2019,8538540649,0.47
512,Courtnay,Symones,2/6/1975,98162.21,HR,Contractor,5/21/2013,1172457066,0.28
513,Curran,Jonson,9/9/1991,57969.31,IT,Contractor,7/9/2012,8460807069,0.32
514,Nanice,Callow,1/8/1961,52522.98,Finance,Full-time,6/7/2012,5128631720,0.27
515,Cyndia,Hast,11/28/1977,82018.52,HR,Full-time,8/19/2018,8147532214,0.22
516,Marlowe,Tolmie,12/8/1992,60540.63,Finance,Part-time,5/8/2010,1467644824,0.42
517,Linn,Laweles,8/3/1996,21412.65,HR,Part-time,11/5/2017,6633683599,0.37
518,Cherri,Murfill,7/21/1979,63105.85,Operations,Part-time,5/15/2021,7221644063,0.35
519,Aubrie,Lympany,4/11/1976,64761.48,Finance,Full-time,6/19/2021,2158764489,0.35
520,Ebonee,Van der Linde,1/14/1973,34907.37,Operations,Part-time,5/18/2014,5051449874,0.37
521,Neil,Stiggles,12/23/1995,96295.08,Finance,Contractor,1/20/2011,3777655126,0.43
522,Annissa,Hoofe,6/15/1990,88355.83,Finance,Part-time,6/17/2021,4499683382,0.26
523,Shelby,Risdall,12/28/1999,38271.62,HR,Full-time,1/10/2011,5763062869,0.42
524,Lancelot,MacGarvey,7/30/1982,89750.52,Finance,Part-time,7/5/2017,1848733950,0.39
525,Lyndsey,Harriagn,5/13/1961,26122.53,HR,Part-time,8/5/2018,1968599502,0.18
526,Randi,Jeanet,2/5/1997,47774.67,HR,Contractor,9/2/2011,1550681986,0.4
527,Matty,Driscoll,9/5/1970,60740.49,HR,Part-time,3/13/2011,2108933858,0.37
528,Morgana,Lazer,12/7/1969,43071.77,Finance,Part-time,9/12/2011,2428547820,0.43
529,Aurel,Jadczak,10/20/1973,98446.63,HR,Contractor,9/11/2010,8728490803,0.43
530,Lemmy,Greatland,1/7/1997,46159.44,Operations,Full-time,2/2/2021,6603739931,0.45
531,Don,Renad,6/13/1984,76978.0,Operations,Contractor,10/12/2016,6099934149,0.11
532,Devon,Jedrys,2/7/1974,60299.84,Finance,Contractor,11/25/2014,9087643623,0.45
533,Mikael,Denington,7/2/1983,33609.41,Operations,Contractor,10/5/2018,3320617940,0.27
534,Benni,Pexton,8/6/1990,35772.44,IT,Part-time,10/11/2014,2876032835,0.47
535,Maxim,Ineson,9/28/1972,84661.18,Finance,Full-time,7/14/2018,6293631253,0.11
536,Eveleen,Stapley,12/19/1970,32488.59,HR,Contractor,3/22/2019,1386234858,0.33
537,Kit,Houlridge,2/25/1967,84905.87,HR,Contractor,2/28/2013,9785485089,0.13
538,Petrina,Kadar,3/9/1973,69400.98,HR,Contractor,11/17/2010,5440159126,0.36
539,Doy,Shimwall,2/16/1983,25544.59,HR,Part-time,8/16/2011,8036083190,0.44
540,Tedmund,McMechan,4/20/1973,40313.78,Finance,Contractor,5/24/2018,2879045183,0.34
541,Chrisy,Mynard,6/15/1970,60720.54,Finance,Full-time,5/29/2014,7088071271,0.29
542,Alison,Pietrowski,8/22/1980,23861.05,Finance,Part-time,1/28/2011,6178613213,0.46
543,Solomon,Oppery,10/11/1970,49113.7,HR,Full-time,9/10/2014,7211371367,0.16
544,Vernon,Tidswell,3/14/1967,44105.07,Finance,Contractor,7/24/2018,6186762434,0.21
545,Zachery,Nicholson,2/1/1989,59949.8,IT,Full-time,10/4/2014,4461009292,0.18
546,Nessie,Chapleo,11/28/1995,35870.07,Finance,Contractor,2/8/2019,2723095702,0.47
547,Alyda,Lapish,10/10/1974,27295.39,IT,Full-time,5/2/2021,1129973016,0.2
548,Emmalynn,Ivashev,10/5/1969,86352.05,Finance,Full-time,10/25/2020,6044058249,0.26
549,Renata,Rafter,6/12/1976,58524.12,Finance,Contractor,4/20/2014,3239052548,0.19
550,Gerrie,Lamshead,12/30/1965,95000.22,IT,Contractor,8/7/2010,1430550189,0.23
551,Erma,Hulk,3/24/1994,62169.22,Finance,Full-time,11/1/2020,8994995220,0.24
552,Jillane,Domange,2/11/1981,22324.31,HR,Contractor,3/4/2014,7832769566,0.36
553,Louie,Duval,9/8/1992,27929.24,HR,Contractor,6/8/2020,6021652326,0.31
554,Godfree,Bowra,4/30/1988,31529.99,Finance,Full-time,1/4/2014,8678669926,0.45
555,Rancell,Colbert,7/16/1995,91007.15,HR,Contractor,1/2/2016,7340075368,0.35
556,Costa,Craven,1/13/1970,67498.98,Finance,Part-time,12/16/2011,7697531816,0.24
557,Arny,McCreery,3/14/1980,47165.07,IT,Full-time,8/29/2011,5321274120,0.39
558,Estele,Le Gallo,5/5/1996,71744.28,Finance,Contractor,3/2/2012,2447106248,0.19
559,Caryl,Dallosso,9/26/1977,53019.53,Operations,Full-time,4/26/2020,6561441502,0.25
560,Karita,Brotheridge,8/27/1971,72302.08,Operations,Full-time,11/1/2010,2672469425,0.39
561,Brnaby,Duffell,8/9/1969,86317.75,IT,Contractor,10/14/2020,4545660143,0.43
562,Madella,Mignot,10/13/1986,87910.16,Finance,Part-time,6/19/2013,4003742343,0.11
563,Russell,Oxbrow,4/20/1971,58219.43,Operations,Full-time,10/28/2012,5982726281,0.18
564,Brigitte,Hush,8/25/1986,90649.12,Operations,Full-time,4/8/2013,5060693417,0.49
565,Udale,Essame,10/22/1995,58111.55,Finance,Part-time,7/2/2016,6686827659,0.32
566,Eben,Waterdrinker,10/20/1971,32203.08,Operations,Contractor,8/28/2014,8943153147,0.14
567,Levi,Mallabar,1/1/1998,92280.88,Operations,Full-time,3/18/2021,6075190366,0.33
568,Sanson,Flageul,10/19/1984,69759.08,IT,Contractor,5/13/2011,6846080913,0.19
569,Marla,Lackinton,12/18/1990,51749.76,IT,Part-time,3/19/2011,6306022713,0.15
570,Grace,Purseglove,5/31/1968,36383.94,Finance,Contractor,5/2/2010,4020425528,0.37
571,Louisa,Celez,5/24/1993,64148.14,HR,Contractor,4/6/2011,4793093619,0.47
572,Barbey,Bollom,9/24/1979,53547.27,Operations,Contractor,6/30/2015,4901028369,0.25
573,Griffie,Snell,5/29/1994,34804.99,Finance,Full-time,8/5/2012,4478036325,0.44
574,Freeland,Attwool,7/27/1963,86801.38,HR,Full-time,1/4/2018,1835011748,0.32
575,Marrissa,Obell,7/30/1965,55448.35,Operations,Contractor,10/30/2015,3868434622,0.13
576,Welbie,Calderhead,4/2/1977,98923.69,Finance,Contractor,10/5/2019,2181624037,0.2
577,Hugo,Snodin,8/7/1972,84317.71,HR,Contractor,12/10/2013,7609954222,0.24
578,Hestia,Spoward,5/13/1977,30026.55,Finance,Part-time,1/9/2012,2726334844,0.39
579,Ramona,Vassbender,12/27/1968,94152.44,IT,Part-time,7/27/2013,8463050722,0.11
580,Hilliary,Sinnat,5/25/1963,34952.41,HR,Contractor,5/11/2021,8849526575,0.24
581,Cherrita,Orto,9/19/1964,43898.28,IT,Contractor,5/11/2020,6435826199,0.42
582,Darb,Gitting,7/6/1995,38702.78,HR,Contractor,3/8/2017,8180387569,0.49
583,Salem,Veltmann,9/8/1995,42166.04,HR,Part-time,10/30/2012,9364489018,0.24
584,Ericha,Essame,1/2/1975,28655.53,Operations,Part-time,12/20/2011,8408324034,0.49
585,Marice,Sanchiz,2/12/1985,85420.38,Operations,Part-time,3/16/2019,1998750975,0.22
586,Jules,Kerley,1/11/1974,48306.88,HR,Full-time,5/29/2013,8608611936,0.11
587,Elias,Grima,1/30/1996,57422.82,Operations,Full-time,3/1/2013,9573655756,0.32
588,Wyndham,Leighfield,12/5/1987,55460.02,HR,Part-time,3/28/2017,4172458914,0.27
589,Flinn,Aust,10/7/1997,64222.84,Operations,Contractor,2/26/2018,7522436001,0.42
590,Cozmo,Kenrat,1/24/1966,20793.31,IT,Full-time,10/12/2019,6982313278,0.38
591,Rudd,Grayshan,2/1/1985,39297.16,Operations,Contractor,3/27/2019,4232285877,0.31
592,Aurea,Bisset,6/6/1993,64645.22,IT,Part-time,3/11/2017,3595684385,0.2
593,Luz,Heyward,3/2/1973,84491.76,IT,Full-time,8/29/2014,3704971436,0.28
594,Wolfy,McElhinney,8/1/1978,21677.59,Operations,Part-time,3/24/2019,8881757662,0.23
595,Danell,Cristol,1/28/1978,30578.51,Finance,Contractor,12/13/2018,5811783250,0.32
596,Filberte,Girardet,1/31/1961,97539.12,Operations,Part-time,9/1/2010,2256053939,0.42
597,Lou,O'Quin,11/25/1978,50136.7,HR,Contractor,10/14/2014,1244356213,0.12
598,Derrik,Kleinfeld,2/24/1967,94388.58,IT,Contractor,10/13/2015,8822490337,0.47
599,Merline,Frostdyke,7/29/1995,72155.78,IT,Part-time,3/4/2016,1989291725,0.32
600,Val,Dict,7/8/1989,83767.09,Operations,Part-time,7/9/2017,3881718678,0.4
601,Almeda,Ealles,2/23/1994,50086.34,IT,Full-time,3/10/2018,4117694988,0.25
602,Whitaker,Fitzsymons,4/12/1970,88017.49,Finance,Full-time,10/23/2012,5093084179,0.35
603,Lola,Doddemeede,9/15/1968,66403.13,HR,Contractor,11/4/2012,7310038003,0.43
604,Stephi,Reitenbach,5/8/1997,39384.71,Operations,Full-time,1/7/2019,7236531841,0.36
605,Hastie,Halford,10/4/1978,82377.29,IT,Full-time,9/5/2015,7236445463,0.47
606,Joellyn,Enderson,11/14/1967,52995.54,IT,Full-time,5/4/2017,5138769853,0.33
607,Fancie,MacColl,6/7/1969,89465.76,HR,Contractor,4/12/2015,6389954301,0.15
608,Marrilee,Mannie,3/30/1968,38147.02,HR,Part-time,2/5/2020,3977358111,0.17
609,Chase,Luety,3/25/1986,74856.36,IT,Contractor,12/29/2010,4542320895,0.15
610,Ruperta,Hearmon,4/26/1998,89062.02,Operations,Contractor,12/8/2014,8924083274,0.17
611,Caritta,Dukelow,6/19/1981,23537.33,Finance,Full-time,8/12/2011,2206099237,0.21
612,Catarina,Boreham,6/16/1971,65791.11,IT,Full-time,6/4/2018,1545504777,0.39
613,Phyllida,Horley,6/18/1961,66656.96,HR,Full-time,3/29/2021,1193298707,0.31
614,Phillipe,Goreisr,7/4/1968,58756.02,Finance,Part-time,11/15/2019,5288319296,0.29
615,Mel,Burgise,5/22/1964,42895.8,HR,Full-time,6/5/2018,2316761478,0.24
616,Mahmud,Branford,7/22/1976,71071.94,Finance,Full-time,4/24/2017,3256070942,0.47
617,Jemima,Reuter,7/1/1974,23533.49,Finance,Part-time,6/20/2013,4390949072,0.25
618,Faunie,McInteer,11/17/1964,65884.59,IT,Contractor,6/27/2012,3510810756,0.24
619,Jackson,Batcock,1/16/1963,77082.11,Operations,Part-time,1/22/2021,4145717969,0.21
620,Chantal,Bier,7/20/1986,41320.16,Operations,Part-time,10/16/2021,4259825696,0.49
621,Jany,Roderigo,7/8/1967,25485.68,HR,Full-time,12/14/2018,4989781146,0.36
622,Morry,Neave,7/4/1993,68366.55,HR,Full-time,7/9/2011,2587641463,0.31
623,Rosco,Verrick,6/17/1981,93526.19,Finance,Full-time,1/27/2015,8341691853,0.43
624,Stefa,Ernke,8/18/1981,42603.19,IT,Part-time,2/3/2014,5551102871,0.5
625,Rolland,Adie,6/24/1976,94440.95,IT,Full-time,2/11/2011,7486945622,0.44
626,Murvyn,Robertot,6/23/1976,44654.68,Finance,Full-time,10/10/2013,8096011522,0.17
627,Anett,Duquesnay,6/4/1969,52070.32,IT,Full-time,6/29/2019,3028543365,0.43
628,Guillemette,Daddow,1/5/1963,82212.29,Finance,Full-time,11/28/2014,9569313846,0.19
629,Therese,Zamudio,11/2/1982,78117.13,Finance,Contractor,11/1/2017,5871597948,0.27
630,Elonore,Doberer,9/18/1962,55357.43,HR,Part-time,7/22/2016,1907916703,0.4
631,Melonie,Antoniou,3/6/1994,37860.99,IT,Full-time,4/21/2015,8147294291,0.47
632,Aguie,Hounson,7/16/1968,37656.3,Finance,Part-time,11/22/2011,7547961058,0.23
633,Duff,Kerfut,3/8/1972,91938.0,HR,Contractor,12/24/2017,1364333059,0.22
634,Marchelle,Bundock,1/1/1964,42637.56,IT,Part-time,11/6/2015,2982953845,0.25
635,Ignatius,Caraher,11/26/1976,46204.21,Finance,Full-time,2/27/2018,1051857857,0.31
636,Skip,Gyles,8/19/1966,92502.1,Operations,Part-time,6/10/2010,4281550997,0.13
637,Risa,Engall,6/16/1971,48470.79,Finance,Part-time,2/9/2012,8220505360,0.21
638,Chris,Leehane,2/19/1998,55081.35,Finance,Contractor,10/12/2018,1574330848,0.24
639,Elianore,Klawi,4/3/1987,69782.81,Finance,Part-time,5/22/2016,8793253355,0.14
640,Jose,Mellish,6/14/1981,51737.6,HR,Full-time,11/28/2016,7208070393,0.32
641,Odille,Hinsch,5/16/1982,74552.24,Operations,Contractor,2/20/2017,1309730652,0.4
642,Shani,Du Hamel,2/1/1974,78102.34,HR,Part-time,2/7/2020,7678368215,0.2
643,Mireille,Parlott,4/25/1996,66207.61,IT,Contractor,12/25/2010,1361464294,0.34
644,Hillary,Screeton,6/28/1961,45567.3,IT,Part-time,5/1/2011,9941350694,0.17
645,Willetta,Bindon,3/19/1984,39253.88,HR,Contractor,11/4/2012,7980325091,0.31
646,Candi,Oldershaw,1/29/1988,95815.34,Operations,Part-time,1/12/2010,2357282800,0.15
647,Deedee,Marcq,8/12/1984,87830.71,Finance,Contractor,7/5/2016,1067421334,0.15
648,Alidia,Novis,4/23/1971,33389.18,IT,Full-time,3/17/2017,1851300643,0.29
649,Aurelia,Attrie,3/11/1969,68603.48,Operations,Full-time,8/16/2016,5824233747,0.45
650,Merrili,Claessens,6/16/1973,95379.74,Finance,Full-time,1/31/2018,8842081120,0.22
651,Thomasina,Bryant,9/12/1981,34798.16,HR,Part-time,4/3/2012,2703149618,0.17
652,Leroy,Gerauld,3/17/1983,37864.43,Operations,Contractor,2/23/2015,6913766096,0.19
653,Doralynne,Aldus,3/18/1970,32260.38,Finance,Full-time,11/5/2016,6459404081,0.18
654,Lula,Huguenet,5/9/1960,69441.9,HR,Contractor,6/6/2015,1963158719,0.38
655,Margy,Riall,9/19/1992,28934.93,Finance,Contractor,12/18/2010,1664269812,0.37
656,Lorry,Murphy,11/19/1968,25765.84,IT,Full-time,3/4/2012,3933888755,0.29
657,Shannen,Paddon,8/2/1984,37683.87,IT,Contractor,8/22/2018,3857421761,0.42
658,Worthington,Van Oort,12/23/1976,57105.79,Operations,Full-time,11/16/2014,7678373670,0.22
659,Ewan,Stickins,6/7/1977,46489.8,HR,Part-time,6/10/2016,7559028609,0.22
660,Philippa,Scarsbrick,5/15/1965,56096.6,Finance,Contractor,6/18/2018,6047504139,0.34
661,Zilvia,Grabert,11/23/1989,62739.8,HR,Contractor,3/13/2021,1914248300,0.5
662,Em,Booth,4/11/1982,33609.01,Operations,Part-time,11/21/2017,4419619478,0.36
663,Libby,Skittrall,4/30/1984,74597.57,IT,Part-time,5/31/2010,3852375998,0.42
664,Gabriella,McConnal,11/14/1985,56096.58,Operations,Contractor,9/26/2016,8348769411,0.32
665,Nanci,Keasy,3/5/1979,67646.98,Finance,Full-time,3/24/2015,4581832319,0.15
666,Brita,Keerl,11/6/1989,22007.44,HR,Contractor,12/7/2016,9189011025,0.24
667,Lila,Daintry,7/24/1987,55147.98,IT,Part-time,3/28/2019,9295028013,0.23
668,Isabelle,Andrusyak,2/27/1981,61510.75,Operations,Full-time,2/27/2014,4372201323,0.14
669,Rollin,Rizzone,5/24/1975,50956.53,HR,Contractor,8/18/2020,7333886611,0.11
670,Sayre,Verman,8/15/1961,71327.7,HR,Full-time,3/13/2012,1431472734,0.19
671,Dennie,Trimme,10/17/1994,68541.86,Finance,Contractor,1/2/2010,8575785369,0.26
672,Jerome,Smallacombe,6/6/1987,41041.93,HR,Part-time,9/11/2021,4924587313,0.14
673,Nathanial,Zuan,11/18/1991,82702.3,IT,Contractor,1/2/2013,3363387115,0.39
674,Betteanne,Boome,12/27/1968,53253.74,Operations,Part-time,8/30/2019,7267399392,0.46
675,Jodi,Priditt,1/23/1989,58419.14,Operations,Part-time,11/9/2016,9850810317,0.16
676,Cymbre,Clandillon,4/24/1996,61809.57,IT,Contractor,5/22/2021,6251403916,0.15
677,Will,Corner,10/27/1970,54174.6,Operations,Full-time,2/25/2019,1103152185,0.14
678,Brianna,Philippet,9/27/1980,41484.13,Operations,Contractor,10/20/2013,5986973624,0.4
679,Tremayne,Van der Spohr,3/27/1966,22411.43,Operations,Full-time,7/24/2012,6883038715,0.28
680,Maighdiln,Gehrts,1/13/1980,55494.56,HR,Full-time,9/15/2014,4599335179,0.37
681,Thebault,Scarf,3/31/1968,74289.32,Operations,Contractor,8/26/2020,2825313061,0.18
682,Corbin,Whieldon,9/10/1981,20397.48,HR,Contractor,7/23/2012,2173275048,0.19
683,Dorie,Bromell,7/29/1991,49599.59,HR,Contractor,7/16/2021,3499284637,0.28
684,Tallie,Weldon,7/26/1970,56863.57,Finance,Contractor,3/31/2011,7013625440,0.15
685,Vail,Child,1/1/1986,78835.61,HR,Full-time,4/9/2021,4697579320,0.2
686,Michaela,Renols,5/4/1960,70962.35,Finance,Full-time,5/4/2011,6052884002,0.43
687,Modesty,Seabright,5/1/1968,39472.37,Operations,Part-time,12/1/2015,6166521438,0.24
688,Svend,Aspinal,8/1/1993,94855.65,HR,Part-time,1/16/2019,3074716927,0.26
689,Larry,Bettles,6/5/1986,88950.94,Finance,Contractor,9/26/2017,2529608440,0.47
690,Micheline,Lambarton,7/22/1996,50136.21,HR,Contractor,3/18/2021,7298601390,0.23
691,Emogene,Boughen,10/6/1965,98683.42,Finance,Part-time,12/5/2021,6217279620,0.18
692,Gorden,Lindberg,12/28/1997,35012.5,IT,Contractor,1/3/2020,8016463745,0.2
693,Igor,Murford,6/1/1989,37921.75,Finance,Contractor,8/4/2010,3350084232,0.28
694,Tarah,Gheorghie,8/9/1969,77093.52,Operations,Full-time,4/19/2014,8847699883,0.2
695,North,Varah,11/17/1969,31514.83,Operations,Part-time,1/21/2018,5337925834,0.36
696,Anthia,Bartolijn,4/26/1971,80531.03,HR,Contractor,8/7/2012,7378743933,0.28
697,Clea,Havis,8/9/1992,36648.17,HR,Contractor,9/13/2014,3026785074,0.42
698,Humfrid,Goman,7/17/1978,85395.84,Finance,Contractor,9/29/2012,6994525122,0.25
699,Berkie,Dodell,10/22/1985,70193.13,IT,Contractor,5/16/2015,2137263563,0.4
700,Ozzie,Flowerdew,2/23/1968,83190.54,Operations,Contractor,9/5/2018,3503962555,0.22
701,Baron,Noye,1/28/1986,80215.9,HR,Contractor,3/5/2017,6991206213,0.48
702,Padget,Priddle,6/15/1962,81939.54,HR,Contractor,3/16/2011,3797663302,0.18
703,Doll,Chinnick,3/6/1993,95517.76,Finance,Contractor,4/13/2014,5268807133,0.3
704,Pearl,Blunsom,3/27/1994,20076.54,Operations,Full-time,2/3/2013,5850500073,0.5
705,Haskell,O'Kieran,3/12/1970,22547.86,HR,Full-time,3/20/2019,2054868756,0.28
706,Darcee,Feander,1/9/1970,63340.02,HR,Full-time,6/21/2021,8486680393,0.15
707,Ines,Lambirth,7/20/1966,28173.37,Operations,Contractor,9/8/2017,1525723299,0.27
708,Ermin,Freeberne,7/21/1970,87352.95,Finance,Full-time,10/11/2017,1879311178,0.31
709,Claudio,Gibbins,7/22/1961,85856.27,IT,Contractor,7/18/2017,9118535927,0.16
710,Retha,Gaskell,7/23/1980,75790.44,IT,Part-time,2/12/2014,3119824180,0.49
711,Ronica,Lenglet,9/20/1993,46105.89,IT,Full-time,7/30/2018,8528291911,0.1
712,Harp,Odams,8/30/1988,33776.1,Operations,Full-time,1/2/2013,3570565796,0.22
713,Caroline,Mateiko,1/15/1998,52202.33,Finance,Full-time,5/8/2017,5512863759,0.24
714,Raimondo,Pillman,3/27/1980,47189.37,Operations,Part-time,10/2/2011,7542152381,0.26
715,Modestine,Terbrugge,6/30/1970,22498.32,Finance,Part-time,3/20/2020,7876777057,0.16
716,Mick,Championnet,1/3/1983,45128.34,Finance,Part-time,1/28/2014,6295315655,0.21
717,Lek,Noorwood,6/14/1971,81502.06,HR,Part-time,11/11/2010,9934393157,0.43
718,Allyson,Reddish,12/31/1971,59119.78,Operations,Contractor,10/31/2014,3930116942,0.27
719,Byrom,Guidini,10/25/1987,45391.42,HR,Contractor,1/5/2019,1825320965,0.29
720,Quintilla,Ericsson,4/29/1964,91169.49,Finance,Contractor,2/24/2021,6790359808,0.49
721,Pablo,Aggott,5/19/1988,66721.32,Finance,Full-time,8/24/2020,7561114263,0.47
722,Christie,Belden,11/19/1964,82215.31,IT,Part-time,4/27/2014,1934876467,0.2
723,Cookie,Fall,5/16/1970,87334.83,Operations,Full-time,4/9/2012,4810572855,0.33
724,Jeralee,Kennaird,4/15/1968,38343.49,HR,Part-time,5/6/2018,9232556247,0.13
725,Ibrahim,Layborn,6/21/1976,46491.2,HR,Contractor,9/2/2012,2614451254,0.23
726,Janeen,Coleshill,7/8/1978,66028.55,HR,Full-time,2/19/2016,7969438208,0.29
727,Merilyn,Heyward,1/31/1965,98414.42,HR,Part-time,11/12/2012,6077027439,0.42
728,Bron,Dwelly,12/24/1971,34193.65,Finance,Part-time,3/31/2013,4787460731,0.31
729,Malinde,Sturror,2/13/1984,83843.44,Finance,Full-time,12/21/2010,9322958187,0.27
730,Kalie,Hotchkin,1/8/1976,53551.31,HR,Part-time,10/2/2021,3365457807,0.27
731,Gian,Lunney,12/16/1991,76358.05,HR,Part-time,9/2/2014,5291588568,0.4
732,Antonella,Limbert,6/16/1978,47995.23,Operations,Part-time,6/3/2017,4001150812,0.43
733,Vite,Fadell,7/7/1962,87345.52,IT,Contractor,7/15/2013,2430615395,0.31
734,Linn,Furmenger,10/14/1967,77578.28,HR,Part-time,5/28/2010,9451102585,0.28
735,Parnell,Sayward,9/23/1992,54933.57,Finance,Full-time,10/11/2018,7995336042,0.42
736,Iain,Reddle,4/21/1994,25241.57,HR,Full-time,1/9/2020,2979783908,0.32
737,Gradeigh,Keattch,11/14/1995,83638.24,Finance,Contractor,8/8/2014,9948621753,0.18
738,Daffi,Whiscard,2/5/1980,69300.75,HR,Contractor,2/8/2021,9510409139,0.32
739,Fawn,MacGowing,3/24/1992,59814.5,Operations,Full-time,5/30/2017,7481967690,0.28
740,Magdalena,Dibdall,11/19/1998,53968.17,HR,Full-time,4/7/2013,6779623363,0.44
741,Abbye,Pautot,1/13/1992,67557.69,Operations,Full-time,10/21/2016,5712809051,0.26
742,Jayme,Jauncey,4/20/1978,80934.43,IT,Contractor,7/11/2018,9922155411,0.27
743,Brennan,Carolan,12/30/1991,38097.03,Operations,Part-time,5/2/2017,1700031308,0.5
744,Damiano,Korejs,7/6/1996,49151.92,IT,Contractor,11/11/2013,5854020728,0.48
745,Fanchon,Johnigan,11/19/1997,83032.84,Finance,Contractor,12/13/2021,3872162158,0.38
746,Nannette,Neumann,3/7/1994,40872.21,IT,Full-time,10/21/2021,6036373639,0.13
747,Brennen,Sears,6/11/1971,44390.46,Finance,Contractor,3/23/2019,3007218972,0.17
748,Amara,McClean,6/17/1988,27805.68,Finance,Contractor,10/19/2010,7783906306,0.41
749,Sarah,Bremond,1/16/1979,37976.88,IT,Contractor,12/30/2019,6367765181,0.46
750,Heath,Sudy,9/17/1965,75452.79,HR,Contractor,2/19/2013,6614429296,0.29
751,Juan,Ridehalgh,10/19/1993,37974.14,Finance,Full-time,1/9/2010,4289988608,0.21
752,Lenore,Attwool,4/7/1963,70604.09,Finance,Part-time,2/5/2018,4456574295,0.19
753,Hanan,Sawell,9/19/1983,85480.92,Finance,Contractor,6/8/2021,1593384413,0.11
754,Lauretta,Larman,8/23/1987,50195.6,HR,Full-time,10/27/2014,5459583709,0.37
755,Lucius,Exposito,7/11/1975,60367.43,Finance,Full-time,4/9/2018,3415036295,0.24
756,Willdon,Felstead,1/18/1979,66741.81,Operations,Full-time,12/20/2016,8668398284,0.38
757,Martelle,Binding,7/12/1976,68361.33,IT,Part-time,11/23/2018,1720455645,0.34
758,Torrie,Titmarsh,12/1/1982,45098.72,HR,Full-time,9/27/2016,8416319033,0.36
759,Mignonne,Grove,4/1/1989,35118.59,Finance,Contractor,10/12/2010,5897782588,0.48
760,Clotilda,Garforth,4/11/1963,57650.81,IT,Contractor,3/20/2014,5014075893,0.36
761,Ashli,Wolland,3/10/1998,28732.39,HR,Full-time,1/12/2014,7519125110,0.12
762,Konstanze,Deighton,9/24/1976,67979.96,Finance,Full-time,2/9/2021,4760508262,0.16
763,Sheilah,Brimelow,11/19/1988,20201.72,Finance,Part-time,6/23/2011,3112608118,0.45
764,Hillel,McNess,2/6/1967,62707.91,HR,Full-time,7/17/2019,1049738920,0.23
765,Ianthe,Wiggall,10/20/1962,86924.85,Finance,Contractor,11/27/2013,1019698677,0.37
766,Leanna,Lages,2/9/1970,79545.34,HR,Part-time,5/22/2021,3577691784,0.17
767,Moise,Dabnor,5/15/1987,75463.37,Finance,Part-time,2/27/2019,3013925201,0.43
768,Lacie,Waller,1/23/1963,71293.73,Operations,Part-time,4/10/2021,4051430232,0.29
769,Loralie,McCrackem,3/16/1985,86879.8,HR,Full-time,5/5/2016,4017863250,0.36
770,Leroi,Ganniclifft,10/3/1985,66945.82,HR,Full-time,2/4/2014,2273891836,0.22
771,Olenka,Prest,3/2/1962,68081.9,Operations,Contractor,9/8/2019,6531215408,0.31
772,Ricki,Wiltshier,7/18/1997,84356.09,Operations,Part-time,4/19/2018,6594208883,0.33
773,Valry,Catherine,3/15/1973,75359.46,Finance,Full-time,3/17/2015,3294165384,0.19
774,Edd,Rodgier,9/6/1999,65750.33,HR,Contractor,3/7/2010,7195511661,0.31
775,Marchelle,Cawsey,7/20/1960,69735.05,IT,Contractor,5/13/2020,4328406071,0.33
776,Marillin,Latch,8/12/1987,82682.16,HR,Contractor,1/30/2011,1943730705,0.37
777,Chris,Lethbridge,3/8/1997,23005.18,Finance,Contractor,12/12/2019,2388747797,0.45
778,Jo,Whife,5/17/1988,81498.57,Finance,Full-time,7/6/2021,6814647402,0.37
779,Delphine,Hallworth,5/20/1997,20348.49,HR,Full-time,7/5/2018,2814418248,0.27
780,Ike,Mason,7/9/1971,33667.54,Operations,Full-time,11/26/2016,9686300259,0.11
781,Vonnie,Dunlap,4/10/1988,63389.88,IT,Part-time,9/19/2012,7954994601,0.25
782,Sloan,Meugens,8/13/1961,83871.8,Finance,Full-time,12/12/2019,1677298157,0.48
783,Marc,Bellerby,11/11/1990,50788.72,Operations,Contractor,12/17/2017,5097737106,0.17
784,Zebulon,Cason,7/27/1964,71930.75,Operations,Full-time,9/4/2012,9704310542,0.2
785,Jacquenette,Cloy,7/16/1968,43100.5,IT,Full-time,10/17/2013,9653431661,0.27
786,Dela,Auguste,3/22/1981,91704.76,Finance,Part-time,7/7/2018,9812111794,0.27
787,Jessamine,Eddisforth,3/31/1995,43603.92,Operations,Part-time,1/2/2019,5990684580,0.32
788,Karolina,Joris,10/1/1996,57011.81,Finance,Contractor,8/22/2021,1293469934,0.41
789,Julina,Crippill,9/26/1974,46804.45,HR,Part-time,10/11/2015,9688877747,0.28
790,Heinrik,Pimblett,9/26/1973,46511.12,IT,Part-time,2/27/2015,7460116032,0.3
791,Borg,Misselbrook,11/12/1991,67657.1,IT,Full-time,7/31/2020,3000081115,0.31
792,Patrizia,Pettit,1/26/1967,21964.58,IT,Full-time,5/30/2017,3883327342,0.45
793,Waldo,Pitcaithly,8/2/1964,63185.43,Operations,Part-time,8/21/2012,6178938341,0.44
794,Yettie,Burborough,3/15/1960,68894.07,Operations,Full-time,8/14/2015,4948995597,0.26
795,Bjorn,Noseworthy,8/6/1994,80464.63,IT,Contractor,3/25/2018,8910698705,0.3
796,Calley,Dowbakin,8/26/1984,69771.7,Finance,Contractor,7/23/2018,8662922131,0.11
797,Averil,Reford,4/4/1968,32495.34,Finance,Contractor,7/8/2011,3918138172,0.25
798,Alfredo,Perell,1/2/1983,87175.73,HR,Contractor,6/24/2013,2085721921,0.24
799,Sunny,Domange,1/10/1989,57295.33,IT,Contractor,3/2/2021,7264612833,0.38
800,Matias,Hitcham,8/11/1988,54775.85,IT,Part-time,12/23/2020,5474775039,0.49
801,Madison,Jackman,6/4/1963,29401.65,HR,Part-time,10/20/2010,3021095277,0.31
802,Bobbie,Commusso,12/7/1964,61722.73,Operations,Full-time,7/16/2015,1606735268,0.39
803,Thomas,Klementz,4/1/1987,54739.59,IT,Contractor,5/12/2013,3261552910,0.22
804,Beulah,Derricoat,11/29/1972,37567.53,Finance,Part-time,12/28/2010,8867702219,0.11
805,Granny,Delgua,5/4/1980,48671.73,Operations,Contractor,8/16/2010,3980214872,0.2
806,Orrin,Townshend,10/13/1998,75056.95,Operations,Contractor,7/27/2013,7953311133,0.18
807,Alyosha,Worgan,10/21/1963,67788.19,Operations,Full-time,2/9/2016,4498012626,0.22
808,Pattie,Trevance,11/22/1996,86012.28,Finance,Part-time,11/24/2019,1888205505,0.14
809,Lynda,Lohrensen,4/14/1989,62600.29,HR,Full-time,2/17/2017,8580353029,0.43
810,Wait,Phythean,1/23/1981,35677.88,IT,Full-time,1/9/2021,7583406025,0.18
811,Cordie,O'Loughnan,1/25/1978,91598.41,Operations,Part-time,4/7/2011,2967477336,0.14
812,Dave,Waistell,9/3/1968,97012.58,Operations,Part-time,7/17/2018,8474709397,0.11
813,Don,Birrell,10/2/1971,99081.5,IT,Contractor,11/6/2020,7570850906,0.25
814,Eula,McLarty,6/14/1986,71625.61,Operations,Contractor,10/1/2012,4264784178,0.34
815,Jammie,Garbott,11/22/1966,50314.91,HR,Contractor,12/23/2011,5517104174,0.28
816,Sasha,Mably,8/26/1984,72660.0,Operations,Full-time,10/9/2013,6492136724,0.23
817,Chelsy,Bell,8/22/1974,47988.28,IT,Contractor,10/31/2021,1066365066,0.16
818,Coleman,Morais,5/14/1966,87290.27,HR,Part-time,2/8/2016,4292853950,0.17
819,Corinne,Blaker,1/17/1972,95434.27,Operations,Contractor,10/21/2010,7912966945,0.4
820,Tisha,Pierri,12/13/1987,72066.97,Finance,Contractor,1/11/2016,2861685466,0.22
821,Kennith,MacCallion,10/17/1986,75693.03,HR,Full-time,10/13/2012,8609570215,0.42
822,Farr,Oxterby,11/30/1987,78087.93,Finance,Full-time,5/27/2016,3017735752,0.32
823,Edee,Olyunin,2/16/1962,21720.47,Operations,Part-time,11/30/2011,9350062674,0.11
824,Etienne,Frame,10/28/1970,69164.18,Operations,Full-time,9/24/2017,9737457088,0.36
825,Linet,McCullough,10/13/1977,73995.01,Operations,Contractor,4/4/2011,2381250869,0.21
826,Christophe,Seary,5/3/1991,34272.31,HR,Contractor,12/12/2013,7448019528,0.14
827,Yolane,Marioneau,2/26/1961,86729.15,HR,Contractor,1/13/2010,8510498368,0.36
828,Cliff,Camacho,5/20/1989,45940.26,IT,Full-time,1/16/2015,4419166535,0.24
829,Paulina,Woolsey,8/3/1990,35839.43,HR,Contractor,10/11/2013,5455856977,0.18
830,Rasla,Popworth,9/25/1992,36986.94,HR,Contractor,5/30/2010,4704919514,0.38
831,Demetre,Rudall,12/18/1966,56319.78,Operations,Part-time,1/22/2010,7227172282,0.48
832,Matilda,Yankeev,10/18/1982,38768.79,IT,Part-time,10/30/2010,5224966385,0.15
833,Anet,Braxay,2/10/1992,58019.66,Operations,Part-time,10/12/2013,7086310799,0.19
834,Hesther,Davidowich,10/1/1960,83961.36,Finance,Part-time,1/6/2018,1772620067,0.45
835,Atlante,Yves,2/4/1996,96769.44,IT,Contractor,3/11/2011,6098435781,0.35
836,Camel,Suddaby,6/3/1970,66435.65,HR,Contractor,6/13/2010,7167724529,0.44
837,Chantalle,Tiddeman,10/29/1997,73391.81,IT,Part-time,3/18/2013,7734387899,0.2
838,Loria,Algar,3/7/1997,22247.45,Operations,Part-time,9/9/2012,9061256658,0.17
839,Alice,Spilstead,12/28/1982,58552.49,HR,Contractor,4/15/2018,4890744239,0.14
840,Lisetta,Farrier,10/30/1980,65611.64,HR,Part-time,6/2/2014,4010522495,0.5
841,Carissa,Beric,10/21/1986,84838.08,HR,Full-time,9/20/2016,7911511816,0.12
842,Cassandra,Colombier,3/9/1976,87879.02,Operations,Contractor,11/20/2015,6595460067,0.18
843,Sarene,Collier,4/20/1977,49160.62,Operations,Full-time,9/13/2019,7382594495,0.12
844,Lavinia,Branton,7/27/1971,51799.81,Finance,Full-time,5/4/2021,5064126240,0.38
845,Rabi,Acory,1/16/1992,80174.82,Operations,Full-time,7/9/2015,3184666409,0.3
846,Otho,Cestard,1/21/1989,90981.78,Operations,Full-time,12/2/2016,4845965099,0.36
847,Golda,Pearson,1/8/1976,93120.7,HR,Part-time,1/20/2012,2541615994,0.39
848,Ferd,Cobello,4/28/1972,70246.72,Operations,Part-time,3/13/2011,6334555302,0.49
849,Brittany,Ottiwill,7/17/1969,54228.11,HR,Full-time,9/10/2015,7881809777,0.19
850,Buckie,Lawee,6/8/1977,33435.06,Finance,Part-time,1/13/2021,8754422984,0.48
851,Cindra,Viccars,6/25/1998,21650.33,IT,Part-time,1/22/2010,9128829959,0.24
852,Marie,Sarjeant,3/3/1998,65536.17,IT,Part-time,9/21/2014,1306391856,0.13
853,Cristen,Jessel,7/17/1987,77013.27,Finance,Contractor,1/5/2019,4309051403,0.12
854,Solomon,De Atta,4/28/1987,96355.7,IT,Full-time,2/7/2016,1300549265,0.48
855,Mikkel,Gaffer,5/31/1983,66833.88,HR,Full-time,6/28/2013,2079124583,0.26
856,Arne,Spataro,5/18/1985,48235.68,IT,Contractor,6/2/2019,6945809204,0.16
857,Gran,Cloney,10/14/1998,66693.04,Finance,Contractor,9/30/2010,3132513214,0.34
858,Tildy,Pinnegar,5/7/1967,88866.44,HR,Part-time,10/23/2018,5099881386,0.17
859,Tani,Bowstead,9/1/1975,41025.21,HR,Contractor,1/5/2021,3390112128,0.17
860,Ellary,Delacroux,6/17/1961,92312.72,IT,Full-time,10/23/2019,1980115293,0.22
861,Jojo,Gunner,12/24/1994,53455.61,IT,Contractor,9/8/2010,9703533988,0.49
862,Windham,Kleimt,2/20/1980,50870.47,Finance,Part-time,2/9/2021,8738576373,0.22
863,Marybeth,Yeardsley,12/16/1991,26111.3,Finance,Full-time,2/3/2015,3983964774,0.15
864,Garrett,Drinan,8/4/1990,61978.82,IT,Contractor,7/26/2013,9624794097,0.3
865,Fairfax,Pasque,10/25/1962,47419.17,HR,Part-time,6/30/2011,3079700503,0.33
866,Bertie,Keaves,4/2/1979,74081.23,Operations,Contractor,7/9/2015,1964671554,0.43
867,Mariele,Dahlborg,3/6/1970,89722.46,HR,Full-time,12/11/2012,9406231441,0.3
868,Barbey,Bridger,4/4/1975,74114.32,Finance,Part-time,10/11/2014,3181187319,0.14
869,Jazmin,Bettington,12/18/1988,26025.29,Finance,Part-time,5/23/2020,6736024197,0.34
870,Dominik,Becke,8/21/1986,93195.86,Operations,Part-time,1/18/2013,7631812608,0.44
871,Lothario,Canto,12/16/1968,73039.26,Operations,Full-time,9/20/2015,8376618547,0.36
872,Aurelia,Paddie,2/4/1971,41895.22,HR,Full-time,5/1/2016,5192040407,0.35
873,Kyla,Raff,10/26/1988,37786.46,Operations,Part-time,3/2/2014,5708909183,0.11
874,Ware,Birchill,2/18/1962,41626.03,Operations,Contractor,12/7/2018,7340015658,0.17
875,Gillan,Obal,3/16/1993,57919.84,Finance,Contractor,8/27/2012,5311285915,0.28
876,Garrick,Lent,1/5/1978,49886.65,Operations,Contractor,11/26/2012,4651235008,0.33
877,Stesha,Toppin,3/9/1973,65305.48,Operations,Part-time,5/4/2013,7379296932,0.26
878,Tiphani,Broggio,3/11/1990,61589.13,Operations,Contractor,6/13/2019,1278122885,0.5
879,Stephanie,Divers,1/30/1964,64409.73,HR,Full-time,6/8/2014,6436322934,0.43
880,Fran,Gerriets,12/9/1986,63216.01,Operations,Full-time,4/27/2020,7043984075,0.47
881,Oralie,Polk,4/16/1986,51900.1,Operations,Full-time,11/16/2020,5549664622,0.19
882,Cob,Gooddy,3/14/1978,21448.55,HR,Full-time,8/2/2018,8957466554,0.4
883,Cully,Miere,11/15/1984,35728.55,IT,Contractor,2/14/2019,3626366328,0.31
884,Glyn,Mardee,6/15/1977,92730.74,Finance,Full-time,6/11/2014,8607647906,0.21
885,Sigfrid,Savile,3/17/1986,96390.37,IT,Part-time,2/6/2018,2132130629,0.3
886,Drona,Podmore,6/9/1968,98154.12,Operations,Part-time,8/8/2021,2102983428,0.38
887,Moise,Fetherston,2/23/1964,52301.67,Operations,Contractor,12/30/2013,8138835577,0.13
888,Gwynne,Dominichetti,9/6/1973,97658.73,IT,Full-time,8/10/2016,6561524796,0.28
889,Karee,Ison,12/14/1971,82772.88,HR,Part-time,5/14/2020,7247578772,0.43
890,Sheffie,Vannar,3/22/1979,40711.22,Operations,Full-time,4/29/2015,6756594642,0.46
891,Vinny,Matus,10/2/1975,79234.76,Operations,Contractor,7/1/2014,3402247290,0.44
892,Dieter,Ryding,5/23/1975,69455.42,Finance,Full-time,2/19/2020,5126429340,0.32
893,Norma,Southby,5/20/1998,90428.43,IT,Part-time,1/23/2011,8252523003,0.46
894,Ulrike,Swaffer,3/24/1984,25378.58,HR,Contractor,7/21/2013,6460193292,0.29
895,Debbi,Bodemeaid,4/4/1992,84628.21,IT,Contractor,8/18/2018,6582999228,0.23
896,Karin,Norrey,11/13/1960,25679.97,HR,Part-time,10/26/2011,5590000083,0.23
897,Jorrie,Louca,8/15/1972,30659.6,Operations,Full-time,4/3/2011,1563220040,0.32
898,Mikel,Jenney,10/9/1997,77142.33,IT,Contractor,6/23/2018,1109682097,0.18
899,Dmitri,Innerstone,4/7/1961,21598.8,Finance,Part-time,9/18/2013,1293960544,0.38
900,Michelina,Huggens,8/24/1960,63628.66,Finance,Contractor,11/5/2014,9277110105,0.12
901,Channa,Zanelli,11/8/1991,71033.05,Finance,Full-time,2/21/2011,8465407534,0.38
902,Milo,De Lascy,5/5/1982,26953.81,HR,Full-time,3/10/2016,4369629462,0.45
903,Zane,Champkins,8/9/1994,31771.39,IT,Full-time,4/2/2017,2937936991,0.38
904,Asa,Probets,7/3/1995,33356.92,IT,Contractor,4/4/2018,3714858940,0.38
905,Kahlil,Coggings,4/2/1974,63106.28,IT,Contractor,6/9/2010,8796922722,0.42
906,Corie,Henbury,5/2/1968,50763.82,IT,Contractor,12/3/2010,1287329735,0.21
907,Hube,Helling,10/26/1994,88083.91,HR,Contractor,6/29/2015,1901936640,0.24
908,Jesse,Harryman,11/19/1968,30071.16,Finance,Part-time,9/11/2015,3862549023,0.46
909,Haleigh,Craxford,9/2/1997,58281.14,Operations,Contractor,7/1/2017,8356571831,0.23
910,Johnna,Carlson,6/22/1994,60717.91,IT,Full-time,10/23/2015,6424744336,0.47
911,Larine,Titford,1/5/1985,77887.28,Finance,Contractor,11/26/2017,7894699829,0.39
912,Orton,Berkery,9/9/1984,60151.14,Finance,Part-time,5/5/2019,5769885649,0.5
913,Norbie,Phizakarley,6/7/1983,36681.49,IT,Full-time,3/30/2010,6465691972,0.42
914,Barbabra,Eastup,3/23/1966,69902.7,IT,Contractor,5/9/2017,6508773986,0.45
915,Wesley,Bussons,7/17/1963,57766.4,HR,Contractor,6/19/2020,4081842597,0.48
916,Iolanthe,July,6/20/1970,95180.04,HR,Full-time,9/5/2016,3937031560,0.24
917,Brianne,Cattow,8/8/1989,91513.56,Finance,Part-time,8/30/2018,9849222888,0.18
918,Dorthea,Baccas,11/5/1985,57384.47,Operations,Full-time,10/4/2020,7214519869,0.16
919,Breena,Skipping,8/7/1985,37036.3,Finance,Part-time,5/28/2012,3583903932,0.38
920,Hewett,Dismore,2/15/1997,94647.33,Finance,Contractor,2/16/2013,2420747920,0.11
921,Gwendolen,Hotson,6/4/1994,50804.81,HR,Part-time,5/21/2015,6902469642,0.14
922,Imogen,Bangiard,4/14/1965,83641.34,IT,Full-time,9/7/2018,8431094919,0.42
923,Minetta,Croom,12/14/1971,65618.5,IT,Full-time,9/30/2011,7624248998,0.15
924,Ana,Shard,6/23/1967,66284.55,HR,Part-time,10/1/2012,2401717083,0.26
925,Yanaton,Clucas,1/21/1989,53878.38,IT,Part-time,12/30/2012,8393066847,0.12
926,Ric,Slowgrave,10/9/1967,63556.62,Operations,Part-time,6/22/2019,1569616929,0.45
927,Vale,D'Acth,3/20/1974,90867.81,IT,Contractor,2/16/2010,6287410483,0.21
928,Jerome,Baldi,3/5/1992,33644.9,IT,Part-time,1/21/2018,8997682459,0.36
929,Annnora,Jone,1/3/1991,86471.96,Finance,Contractor,10/22/2018,4257448088,0.14
930,Mildred,Burgh,9/19/1962,33080.91,Finance,Contractor,5/23/2012,4163518374,0.35
931,Raina,Teodoro,12/19/1980,58373.61,Operations,Contractor,4/22/2020,4313757099,0.39
932,Cass,Renol,5/1/1989,88946.0,HR,Part-time,1/8/2020,9729992137,0.42
933,Dorise,Jarville,7/24/1991,54547.68,HR,Part-time,8/20/2017,6870332972,0.5
934,Edlin,Claisse,6/14/1963,22364.88,HR,Contractor,3/18/2011,7343019627,0.33
935,Yurik,Jenkerson,7/2/1988,20969.32,IT,Contractor,8/31/2011,7533840381,0.3
936,Lyssa,Bowker,12/12/1998,44969.5,Operations,Contractor,4/18/2012,3692523045,0.19
937,Dita,Giorgi,12/9/1991,84036.93,HR,Contractor,7/19/2011,4761792119,0.11
938,Sherill,Phizacklea,8/10/1978,80825.73,IT,Full-time,2/27/2017,8442337347,0.47
939,Niels,Plank,1/31/1976,65872.76,IT,Full-time,12/7/2017,9293362373,0.29
940,Grantley,Riley,6/23/1969,50118.85,HR,Part-time,12/15/2011,8012305394,0.31
941,Angil,Kemer,5/12/1967,24402.56,HR,Part-time,5/31/2014,7024618328,0.47
942,Corbie,Delahunty,5/26/1968,24501.93,IT,Contractor,5/22/2020,9855943706,0.16
943,Edi,Easeman,12/28/1995,89217.48,IT,Full-time,2/11/2020,7148277965,0.48
944,Daphene,Pyecroft,4/26/1974,32988.39,IT,Contractor,2/22/2010,1912781544,0.35
945,Karla,Creus,7/4/1972,69361.54,Finance,Part-time,1/17/2016,4355137351,0.25
946,Celinda,Canas,12/27/1977,87352.65,IT,Contractor,7/18/2014,3373059562,0.17
947,Roxana,Baalham,11/30/1971,35654.42,HR,Full-time,6/27/2013,9078589749,0.22
948,Brantley,Hyland,12/27/1984,86881.21,Finance,Part-time,3/10/2011,9247095143,0.11
949,Gerda,Toffanini,8/27/1999,34955.89,HR,Contractor,11/19/2020,5534802827,0.1
950,Siffre,Oaks,8/19/1962,20230.06,Finance,Contractor,5/2/2012,7294923660,0.43
951,Beck,Glaysher,12/25/1980,69578.29,Finance,Contractor,1/21/2019,7717930456,0.31
952,Tedmund,Witch,4/27/1991,43246.74,IT,Part-time,10/5/2010,6632465226,0.26
953,Davy,Ollive,11/9/1984,85405.1,Operations,Contractor,11/8/2015,3935511581,0.49
954,Rockey,Hembling,7/14/1971,52234.17,Operations,Full-time,5/9/2021,4549829161,0.17
955,Janice,Lowle,7/7/1974,37900.04,Operations,Full-time,10/14/2012,5643757552,0.37
956,Kippie,Gerhardt,7/31/1993,81824.83,Finance,Part-time,3/27/2019,1726119945,0.22
957,Hallie,Rosso,8/5/1969,45512.66,Finance,Full-time,7/22/2021,7231972914,0.3
958,Cassius,Saxby,6/7/1996,55492.77,Operations,Full-time,11/8/2010,6146484080,0.26
959,Ethelyn,Condie,11/19/1981,25025.19,Operations,Full-time,2/13/2014,5419214141,0.45
960,Arabelle,Beachem,2/5/1966,42160.56,Finance,Full-time,6/6/2010,1983672116,0.33
961,Guenevere,Truder,1/16/1977,86470.52,Finance,Full-time,2/2/2014,1008906263,0.3
962,Lanette,Inworth,4/6/1985,88039.13,HR,Full-time,6/14/2013,9277698667,0.19
963,Gibbie,Le Marquand,1/27/1993,38174.76,IT,Full-time,8/20/2016,1331595297,0.3
964,Duke,McCaughren,10/18/1978,88855.92,IT,Full-time,6/25/2020,6337184152,0.13
965,Trstram,Vasyukhin,8/19/1990,50910.2,IT,Contractor,8/22/2015,7361031878,0.13
966,Griswold,Clulee,9/22/1999,60882.73,Operations,Part-time,6/26/2015,6817766050,0.31
967,Maighdiln,Loseby,2/14/1978,33287.77,HR,Full-time,10/11/2010,9930236927,0.22
968,Nathanil,Stirgess,12/15/1976,80055.95,Operations,Contractor,3/15/2017,7654836510,0.39
969,Ignatius,Ferschke,9/2/1970,85285.66,Operations,Contractor,3/24/2018,8758902286,0.34
970,Butch,Jacquest,11/3/1980,56716.39,Operations,Part-time,10/30/2016,3462353675,0.22
971,Engelbert,Bush,11/28/1981,84810.01,Finance,Part-time,10/20/2018,4898977584,0.29
972,Genovera,Booker,10/18/1997,50257.37,Finance,Full-time,3/4/2018,9352012547,0.36
973,Rusty,Gurko,6/22/1979,31307.92,Operations,Full-time,3/28/2018,4279117379,0.4
974,Paolina,Phoenix,12/28/1994,97149.33,HR,Contractor,5/4/2011,2645830634,0.16
975,Caria,Yanyushkin,10/4/1971,98975.07,IT,Part-time,10/21/2013,4177876011,0.42
976,Bridie,Kall,7/29/1987,33799.08,Operations,Part-time,1/22/2017,3899676804,0.13
977,Waiter,Valentine,10/9/1988,53457.78,IT,Part-time,1/1/2018,7908890408,0.42
978,Ginni,Lorand,1/29/1993,40183.27,HR,Contractor,1/24/2019,2452588246,0.38
979,Mallory,Hanrott,2/15/1986,33061.08,HR,Part-time,1/13/2017,4827075607,0.24
980,Krisha,Feander,12/21/1996,36132.7,Finance,Contractor,6/19/2011,1186403347,0.28
981,Donal,Lambregts,10/16/1962,94999.42,Operations,Full-time,7/20/2010,2916817079,0.34
982,Geraldine,Rawlinson,9/12/1999,95310.86,HR,Contractor,1/14/2021,8867887061,0.27
983,Kennedy,Roe,2/2/1982,89409.09,IT,Part-time,5/22/2015,2160781775,0.19
984,Mahala,Hendricks,1/6/1989,32901.51,Finance,Full-time,11/21/2021,8957896889,0.33
985,Flynn,Evitt,1/23/1988,26778.08,HR,Part-time,2/15/2019,1625407023,0.19
986,Saundra,Wasbrough,1/7/1974,51637.02,Finance,Full-time,5/27/2012,4828042673,0.31
987,Pegeen,Bilyard,4/27/1978,26400.87,Finance,Full-time,11/19/2018,3889587222,0.49
988,Ugo,MacConneely,5/23/1966,25914.29,IT,Part-time,5/30/2016,6301081569,0.44
989,Cart,Heinritz,5/29/1968,30084.83,HR,Full-time,12/31/2015,9222052478,0.24
990,Kimmi,Grimwade,6/14/1990,60712.64,HR,Full-time,12/7/2013,8087982997,0.12
991,Annabell,Mauser,12/24/1985,28698.94,IT,Contractor,5/19/2014,6523573898,0.39
992,Faina,Colliard,3/24/1968,73661.25,HR,Part-time,9/19/2010,2925680992,0.25
993,Doralynn,Dooney,8/22/1987,59166.85,Operations,Full-time,11/28/2010,1090017828,0.26
994,Fraser,Peirce,7/10/1974,24262.67,Operations,Contractor,2/6/2014,1870006312,0.11
995,Lincoln,Seamen,8/19/1963,48971.28,Operations,Contractor,3/31/2014,7616448894,0.4
996,Alie,D'Aeth,4/15/1996,24000.92,Operations,Full-time,3/1/2016,5222280390,0.26
997,Corinne,Seel,10/4/1961,35219.42,Finance,Full-time,3/17/2011,2646175561,0.33
998,Jannelle,Readings,9/30/1985,68884.61,HR,Full-time,3/19/2011,2643319688,0.36
999,Letitia,Poulney,1/2/1986,31010.78,IT,Full-time,12/9/2015,9760512243,0.3
1000,Angy,Kleuer,8/12/1961,62270.42,HR,Contractor,6/28/2010,9195802505,0.23
